"gene_name","id","fc","pval","qval","de"
"H2AZ1","ENSG00000164032","0.368912064357865","6.3865268628005e-06","0.0570444579385341","-1.43865112530526"
"AC114271.1","ENSG00000274425","0.339274381983188","8.80672238351421e-05","0.224740337887633","-1.55947559611207"
"SMARCA4","ENSG00000127616","0.000185170542462195","0.00146224303297959","0.36736030774842","-12.3988577713612"
"ZNF174","ENSG00000103343","0.00647766692804074","0.0014796879032587","0.36736030774842","-7.2703099958463"
"LARP4","ENSG00000161813","0.0381203059061392","0.000570370633596218","0.36736030774842","-4.71329649320528"
"DPM1","ENSG00000000419","0.0931532867092527","0.000669229246455294","0.36736030774842","-3.42424951738196"
"MT1B","ENSG00000169688","9.80833995359199","0.000632602107964231","0.36736030774842","3.29400898319487"
"MT-ND1","ENSG00000198888","8.88409306427586","0.000514062803687931","0.36736030774842","3.1512245057469"
"DAW1","ENSG00000123977","0.116484737358613","0.00134249073696291","0.36736030774842","-3.10178715957468"
"SNRPE","ENSG00000182004","0.118363277341077","0.0010198067275855","0.36736030774842","-3.07870654614709"
"RNH1","ENSG00000023191","0.14518040863216","0.000817284301797727","0.36736030774842","-2.78408131287745"
"BRI3","ENSG00000164713","0.194074353433978","0.000946907280439335","0.36736030774842","-2.36531861371502"
"TFPI2","ENSG00000105825","0.195273673041675","0.00120926804850585","0.36736030774842","-2.3564306378924"
"RPL26","ENSG00000161970","0.201478063301733","0.0015628853218137","0.36736030774842","-2.31130532654919"
"AC138932.1","ENSG00000183458","4.59099601824517","0.000883801270093687","0.36736030774842","2.19880718080645"
"HSPE1","ENSG00000115541","0.218763208025128","0.000991210291969469","0.36736030774842","-2.19255797130421"
"CHMP5","ENSG00000086065","0.265850741835119","0.000875731569666804","0.36736030774842","-1.91131160273648"
"THBS1","ENSG00000137801","3.68089311235924","0.000980098201518231","0.36736030774842","1.88005585662005"
"ATP5F1A","ENSG00000152234","0.32720887445423","0.00130225925184746","0.36736030774842","-1.61171621776453"
"MELTF","ENSG00000163975","2.96626719627258","0.000569560051636109","0.36736030774842","1.56864855914624"
"UNC5A","ENSG00000113763","0.349982230714356","0.000624064705574634","0.36736030774842","-1.51464641943277"
"ABCC3","ENSG00000108846","2.81668858114426","0.00060460444816135","0.36736030774842","1.49400006521277"
"MT-CO3","ENSG00000198938","2.56738789977879","0.00149823930003778","0.36736030774842","1.36030128532092"
"NRTN","ENSG00000171119","0.394741703413801","0.000405150704981372","0.36736030774842","-1.34101915070065"
"HPDL","ENSG00000186603","2.41898741737673","0.00117542995822228","0.36736030774842","1.27440326500391"
"CCNB1","ENSG00000134057","0.428510949541875","0.00106094986109517","0.36736030774842","-1.22259602556024"
"FDFT1","ENSG00000079459","0.435494186976887","0.00104648234029114","0.36736030774842","-1.19927463318283"
"GNG12","ENSG00000172380","0.45615473092518","0.00139867673912375","0.36736030774842","-1.13240481507273"
"CCN2","ENSG00000118523","2.26652144011715","0.0017078365765526","0.376748728352814","1.18047980843519"
"ZNF384","ENSG00000126746","3.98467381186281","0.00198307988727708","0.38874710333609","1.99446162904164"
"TEF","ENSG00000167074","2.7658999489916","0.00200205628677341","0.38874710333609","1.46774897076741"
"ASH2L","ENSG00000129691","0.370693953731854","0.00189866626437363","0.38874710333609","-1.43169951086654"
"SNRPA1","ENSG00000131876","0.432280091097453","0.00194359310805392","0.38874710333609","-1.20996170125447"
"IGHMBP2","ENSG00000132740","23.2966937847301","0.00231110135299439","0.402587195183262","4.54205332020374"
"VIM","ENSG00000026025","6.15479227746008","0.00223691677757654","0.402587195183262","2.62171016697208"
"CDC42EP3","ENSG00000163171","0.359543286237109","0.00233447217298921","0.402587195183262","-1.47576262441671"
"RPL22L1","ENSG00000163584","0.0319164428901191","0.00249718360307849","0.410604747517562","-4.96955631862635"
"TEX264","ENSG00000164081","4.92924452866879","0.00252835435663523","0.410604747517562","2.30136655162131"
"STT3B","ENSG00000163527","0.138872106723959","0.00265332685518238","0.414054493459183","-2.84817124021973"
"CCNJL","ENSG00000135083","4.44332329681426","0.00278137814683732","0.414054493459183","2.15163911585656"
"MDK","ENSG00000110492","2.86060898807151","0.00260366951836455","0.414054493459183","1.51632231152964"
"AURKA","ENSG00000087586","0.367741255567372","0.00277423216875483","0.414054493459183","-1.44323705850468"
"PLCG1","ENSG00000124181","2.5449264164515","0.00272728517192666","0.414054493459183","1.34762394307691"
"CTH","ENSG00000116761","0.115832611276475","0.00288398380879784","0.415479731938424","-3.10988661096169"
"SCOC","ENSG00000153130","0.158389573233711","0.00286313687439033","0.415479731938424","-2.65845072878256"
"PNPLA2","ENSG00000177666","0.457282780992808","0.00294461064863127","0.417480354183723","-1.12884149947743"
"ZMYM1","ENSG00000197056","0.000298257876905071","0.00368461213432891","0.426354104983054","-11.7111521399632"
"SACS","ENSG00000151835","0.00489967213282127","0.00420575728653239","0.426354104983054","-7.67309907179721"
"DGLUCY","ENSG00000133943","188.741711788386","0.00424506437702665","0.426354104983054","7.56026948256035"
"RBBP5","ENSG00000117222","0.0147810903707133","0.00348099700578541","0.426354104983054","-6.08010349171162"
"GNB1","ENSG00000078369","0.0210668428099406","0.00428091510328521","0.426354104983054","-5.56888206943692"
"LIMA1","ENSG00000050405","0.0214102140732612","0.00380252859091046","0.426354104983054","-5.54555696897478"
"ATP5MD","ENSG00000173915","0.0560650513363512","0.00361868165366719","0.426354104983054","-4.15675445593592"
"TFRC","ENSG00000072274","0.204160512422378","0.00364350680987924","0.426354104983054","-2.29222423964776"
"MT-ATP8","ENSG00000228253","4.26799535403305","0.00401825628165775","0.426354104983054","2.09355860570378"
"AGR2","ENSG00000106541","0.241487465452377","0.0042737294609162","0.426354104983054","-2.04997978780977"
"AL627309.7","ENSG00000269981","4.11904597538418","0.00419910722774031","0.426354104983054","2.04231022916528"
"AC114498.2","ENSG00000278791","3.7792066086457","0.00325499386458772","0.426354104983054","1.91808339267054"
"TMEM134","ENSG00000172663","0.273194687627738","0.00426682792838706","0.426354104983054","-1.871998664728"
"TMEM138","ENSG00000149483","3.60336460012627","0.00367248762462014","0.426354104983054","1.84934463571742"
"PPP1R15A","ENSG00000087074","3.11403075770722","0.0043437330444982","0.426354104983054","1.63878319418334"
"TSPAN8","ENSG00000127324","0.342914839675484","0.00373358753894415","0.426354104983054","-1.54407775648439"
"REV3L","ENSG00000009413","2.86705784052346","0.0037439280696947","0.426354104983054","1.51957101005267"
"NPM1","ENSG00000181163","0.396293555641872","0.00362821393156187","0.426354104983054","-1.33535858788706"
"HSP90AA1","ENSG00000080824","0.407544163668512","0.0034270423106042","0.426354104983054","-1.29497168891005"
"TOPBP1","ENSG00000163781","2.28294180546547","0.00364534558282115","0.426354104983054","1.19089408425099"
"GUK1","ENSG00000143774","0.469577316784136","0.00430657026106362","0.426354104983054","-1.09056537501143"
"SF3B5","ENSG00000169976","0.480049769806218","0.00416070028930449","0.426354104983054","-1.05874410794863"
"RPS7","ENSG00000171863","0.275369111212086","0.00450352375277419","0.427930576167862","-1.86056135676678"
"ELOVL1","ENSG00000066322","2.31574488214875","0.00446616540862055","0.427930576167862","1.21147632520456"
"AC137630.1","ENSG00000223343","8.82706135964644e-05","0.00482925326556738","0.440868694201562","-13.4677072480567"
"RRAGB","ENSG00000083750","760.467680668009","0.00499995132486841","0.440868694201562","9.57074312552097"
"HSBP1L1","ENSG00000226742","0.131422268212317","0.00500226845061924","0.440868694201562","-2.92771834801261"
"TM4SF4","ENSG00000169903","0.367466180732978","0.00495793795813226","0.440868694201562","-1.44431661537088"
"RASSF1","ENSG00000068028","2.43422429423187","0.00475510336272245","0.440868694201562","1.28346210694545"
"CXCL8","ENSG00000169429","0.091816371940417","0.00566407014011383","0.441974909693098","-3.44510476368153"
"DPCD","ENSG00000166171","0.191380480284385","0.00539179734508588","0.441974909693098","-2.3854844042118"
"MID1IP1","ENSG00000165175","4.40927365298482","0.00536958494748752","0.441974909693098","2.1405410177912"
"CEBPB","ENSG00000172216","0.240053203997172","0.00526057023073556","0.441974909693098","-2.05857390306922"
"LMAN2","ENSG00000169223","0.321545588211624","0.00564541616642744","0.441974909693098","-1.6369047998715"
"SUCLG2","ENSG00000172340","0.339153782386921","0.0054838518797039","0.441974909693098","-1.55998851243966"
"AC092368.3","ENSG00000261512","2.73999600090957","0.00545786014287053","0.441974909693098","1.45417378753904"
"DKK1","ENSG00000107984","0.384181625506574","0.00564255076440179","0.441974909693098","-1.38013957490646"
"JPT1","ENSG00000189159","0.433434943103821","0.00556977208735665","0.441974909693098","-1.20611262809526"
"CBX3","ENSG00000122565","0.492687855551766","0.00560296298010909","0.441974909693098","-1.0212541843316"
"SLC25A36","ENSG00000114120","0.00646831960832358","0.00592938533477505","0.445052687480763","-7.27239331859764"
"NME3","ENSG00000103024","0.368407120258082","0.00601458607273608","0.445411192935608","-1.44062715001143"
"SRP9","ENSG00000143742","0.000111606615414438","0.00978423166311448","0.448430584394088","-13.1292898349743"
"GNAI1","ENSG00000127955","3808.70553807127","0.0072767027584949","0.448430584394088","11.895085037991"
"RAB18","ENSG00000099246","0.000899621240581762","0.00898765173160898","0.448430584394088","-10.1183946551609"
"METTL23","ENSG00000181038","0.0365038823137931","0.00774091590776549","0.448430584394088","-4.77580628202855"
"CHST15","ENSG00000182022","22.0178758072319","0.00619847771520043","0.448430584394088","4.46060338530664"
"VAPB","ENSG00000124164","0.0675277187227416","0.00855353793408664","0.448430584394088","-3.88837636975565"
"AC091230.1","ENSG00000140474","14.3738458011167","0.00660528105739533","0.448430584394088","3.84537420928468"
"EXTL3","ENSG00000012232","0.0727033617059385","0.00860385937290542","0.448430584394088","-3.78183411580375"
"TRAF4","ENSG00000076604","11.8953821963779","0.00821191181129755","0.448430584394088","3.57232972091362"
"PKN2","ENSG00000065243","0.114017523857445","0.00789060714009593","0.448430584394088","-3.13267251927529"
"NSUN5P2","ENSG00000106133","0.116630173435501","0.00806944244882435","0.448430584394088","-3.09998701789004"
"INTS12","ENSG00000138785","8.18266455928422","0.0094221773024501","0.448430584394088","3.03257071119928"
"RPL34","ENSG00000109475","0.126505735166007","0.00870520210299996","0.448430584394088","-2.98272530358043"
"DBI","ENSG00000155368","0.127003670981529","0.00655653788492916","0.448430584394088","-2.97705789686389"
"E2F4","ENSG00000205250","0.135563179472145","0.00711590669997442","0.448430584394088","-2.88296271587032"
"TNFRSF10A-AS1","ENSG00000253930","0.147107375217305","0.00899262300936887","0.448430584394088","-2.76505851707297"
"MT-ND2","ENSG00000198763","6.35293898661826","0.00782174330858765","0.448430584394088","2.66742416361754"
"MT-ATP6","ENSG00000198899","5.80233476316757","0.0097847379137691","0.448430584394088","2.53663353359681"
"MIR570","ENSG00000207650","5.55343587879282","0.0100925218769503","0.448430584394088","2.47338063480844"
"ABHD14A","ENSG00000248487","5.54710222745389","0.00989057119322845","0.448430584394088","2.47173431311096"
"MT-CYB","ENSG00000198727","5.52648803291098","0.00781921849019551","0.448430584394088","2.46636296923898"
"PLCXD1","ENSG00000182378","0.18748129949889","0.00674581494383319","0.448430584394088","-2.4151813950959"
"MCRIP1","ENSG00000225663","0.215370031516537","0.00795392667247508","0.448430584394088","-2.21511058033677"
"TPRN","ENSG00000176058","4.63555434567644","0.00683128828109481","0.448430584394088","2.21274187475955"
"LSM5","ENSG00000106355","0.219797592142198","0.00917934825915101","0.448430584394088","-2.18575251307491"
"E2F2","ENSG00000007968","4.10588424304145","0.00758264517149709","0.448430584394088","2.03769295420147"
"AK6","ENSG00000085231","0.244848113936925","0.00982363199060221","0.448430584394088","-2.03004101186631"
"HLA-DRA","ENSG00000204287","0.263661716413807","0.0095211377466935","0.448430584394088","-1.92323998727819"
"THADA","ENSG00000115970","3.78261204507514","0.0087449306844527","0.448430584394088","1.91938281726823"
"SERPINA4","ENSG00000100665","0.275778117174907","0.00951316410793068","0.448430584394088","-1.85842011046386"
"AC011511.5","ENSG00000267607","0.283000491609549","0.0074877757286107","0.448430584394088","-1.82112353567458"
"CHUK","ENSG00000213341","0.292903013430848","0.00981190120622388","0.448430584394088","-1.77150505892725"
"MTATP6P1","ENSG00000248527","3.28840906139378","0.00710170623540662","0.448430584394088","1.71738977412203"
"LTA4H","ENSG00000111144","0.309706280718408","0.00761843086846481","0.448430584394088","-1.69102745430481"
"AC034102.6","ENSG00000258317","0.31018169421703","0.010098615925868","0.448430584394088","-1.68881454855719"
"CFDP1","ENSG00000153774","0.31322466616493","0.00833797585605112","0.448430584394088","-1.67473026682861"
"LMAN1","ENSG00000074695","0.315403534212906","0.00882583164979134","0.448430584394088","-1.66472926873844"
"CBS","ENSG00000160200","0.327354525867398","0.0078627661569205","0.448430584394088","-1.611074169722"
"C1QBP","ENSG00000108561","3.04739072623534","0.00652663462651448","0.448430584394088","1.60757448941158"
"MORC4","ENSG00000133131","0.32883533874354","0.00936813846480278","0.448430584394088","-1.60456274632252"
"TAF9","ENSG00000273841","0.333142894731156","0.0101413992440221","0.448430584394088","-1.58578697074083"
"ATAD3B","ENSG00000160072","2.93415848500653","0.00998550824840216","0.448430584394088","1.55294679853614"
"GPC1","ENSG00000063660","2.90820230480662","0.00844417157792443","0.448430584394088","1.54012763170231"
"MCPH1","ENSG00000147316","0.367735168461214","0.0072251034094144","0.448430584394088","-1.44326093918278"
"TSPAN13","ENSG00000106537","0.376689196317065","0.00782670739009173","0.448430584394088","-1.40855343840934"
"TET3","ENSG00000187605","2.65032122203879","0.00832296827867818","0.448430584394088","1.40616722660316"
"PDF","ENSG00000258429","0.378093236511802","0.00688925814939167","0.448430584394088","-1.403186052857"
"BIK","ENSG00000100290","0.385702789936694","0.00679409659886132","0.448430584394088","-1.37443851331458"
"RPL30","ENSG00000156482","0.391486207805272","0.0073548885156165","0.448430584394088","-1.35296661312185"
"ZNF768","ENSG00000169957","2.54838172393853","0.00968803362200066","0.448430584394088","1.34958139611279"
"ELF4","ENSG00000102034","2.39953392827407","0.00984571480866603","0.448430584394088","1.26275421222339"
"UBE2E1","ENSG00000170142","0.419188866217638","0.00930839140601336","0.448430584394088","-1.25432769591732"
"TMEM60","ENSG00000135211","0.422115139623478","0.00759859481757397","0.448430584394088","-1.24429152082034"
"FTSJ1","ENSG00000068438","2.36167018495497","0.00808058885498608","0.448430584394088","1.23980750167266"
"SPTLC1","ENSG00000090054","0.424754086517658","0.00903871226101005","0.448430584394088","-1.23530026738275"
"ATP5MC3","ENSG00000154518","0.425173061984282","0.00909869635965554","0.448430584394088","-1.23387790105882"
"LAPTM4B","ENSG00000104341","0.431771716257897","0.00745409551460252","0.448430584394088","-1.21165935396077"
"ARHGAP1","ENSG00000175220","2.2826370749725","0.00700870572928347","0.448430584394088","1.19070149830157"
"AC087521.4","ENSG00000283375","0.438191822532678","0.00824132950036383","0.448430584394088","-1.19036553365744"
"ATP5PB","ENSG00000116459","0.443388051500361","0.0100947428989659","0.448430584394088","-1.17335820215945"
"TANK","ENSG00000136560","0.443950119301668","0.00987761348385519","0.448430584394088","-1.17153050542618"
"EPS15","ENSG00000085832","0.478076231488928","0.00783781531238359","0.448430584394088","-1.06468741387328"
"VAMP3","ENSG00000049245","0.49309832232555","0.00770030968763313","0.448430584394088","-1.02005275053896"
"LRP6","ENSG00000070018","0.474123569531986","0.0102610346706433","0.449484442346662","-1.07666498108543"
"Z83840.2","ENSG00000285531","0.119221285250532","0.0103728270635848","0.45195166503385","-3.06828626358414"
"MT1G","ENSG00000125144","84.9262406905939","0.0105630249476001","0.456215041630283","6.40813848453105"
"ABTB2","ENSG00000166016","2.69321180863574","0.0106219901000312","0.456215041630283","1.42932769558487"
"DENND3","ENSG00000105339","0.0198507557361212","0.0114858455278102","0.457998090421431","-5.65466225666343"
"OCEL1","ENSG00000099330","19.7205137859047","0.0112036253459986","0.457998090421431","4.3016252341651"
"SNRPG","ENSG00000143977","0.114209748213544","0.0110482595187782","0.457998090421431","-3.13024229971089"
"C15orf48","ENSG00000166920","0.184449625024758","0.0109626196145753","0.457998090421431","-2.43870123876584"
"ZNF576","ENSG00000124444","4.39171370733348","0.0112687539601748","0.457998090421431","2.13478400915354"
"TLK1","ENSG00000198586","4.36653816908521","0.0113901063099495","0.457998090421431","2.12648995122255"
"MRTFB","ENSG00000186260","3.95824327964323","0.011316309162679","0.457998090421431","1.98486028533863"
"GEMIN7","ENSG00000142252","3.07342762747813","0.0108326929047915","0.457998090421431","1.61984851314654"
"AC245041.2","ENSG00000276850","3.03259144467927","0.0112090524753221","0.457998090421431","1.6005511489884"
"C1orf174","ENSG00000198912","2.68987023495133","0.0111708315001053","0.457998090421431","1.42753657579013"
"UCHL5","ENSG00000116750","0.404001313149157","0.0110614020118069","0.457998090421431","-1.30756811262639"
"SETD1B","ENSG00000139718","3.79343681786496","0.0117162665433599","0.460049978148435","1.9235055089067"
"RPS2P55","ENSG00000216866","0.278923908419734","0.0117063288712353","0.460049978148435","-1.84205649225204"
"PATZ1","ENSG00000100105","3.00152876031989","0.0117433268045055","0.460049978148435","1.58569749177693"
"RAMAC","ENSG00000169612","2.05855581957277","0.0116163130894065","0.460049978148435","1.04163256914934"
"SRSF3","ENSG00000112081","0.333616288236081","0.011804596750962","0.460369506901541","-1.58373836730454"
"CENPBD1","ENSG00000177946","2.18284380931252","0.0118545663443075","0.460369506901541","1.12620890376349"
"ELP5","ENSG00000170291","18.6316935364538","0.0119947779789211","0.461798952188463","4.2196869095641"
"PGM3","ENSG00000013375","0.0119582305508017","0.0134018480216456","0.464768647304173","-6.38585225880394"
"ARMCX6","ENSG00000198960","35.7808990644971","0.0135737747532081","0.464768647304173","5.16111773324408"
"NUCB2","ENSG00000070081","0.0430690220670788","0.0129269686297708","0.464768647304173","-4.53720562391479"
"GIGYF1","ENSG00000146830","10.9865945219837","0.0127409361812918","0.464768647304173","3.45767236310257"
"HPS4","ENSG00000100099","7.9890331952093","0.0129981618822053","0.464768647304173","2.99802092382023"
"DOC2A","ENSG00000149927","0.147728274917771","0.0128610502402704","0.464768647304173","-2.75898211320148"
"NFKBIL1","ENSG00000204498","4.62915572621918","0.0135636365988123","0.464768647304173","2.21074909615005"
"WASHC3","ENSG00000120860","3.81853761039147","0.0126437678119865","0.464768647304173","1.93302023350256"
"PDIA5","ENSG00000065485","0.354187680679559","0.0131585102684086","0.464768647304173","-1.49741406159932"
"RECQL","ENSG00000004700","2.80106010615328","0.0135772486313055","0.464768647304173","1.48597294161266"
"BET1L","ENSG00000177951","2.68270120534849","0.0134650002656527","0.464768647304173","1.42368637865099"
"H1-10","ENSG00000184897","0.386911975353836","0.0132009557300186","0.464768647304173","-1.36992271240703"
"SETD1A","ENSG00000099381","2.57187901087485","0.0130466638235761","0.464768647304173","1.3628227754355"
"SRCAP","ENSG00000080603","2.55269090655297","0.0136134104175328","0.464768647304173","1.35201885910039"
"WDR46","ENSG00000227057","2.16888856083427","0.012566093456573","0.464768647304173","1.11695592813144"
"SIK2","ENSG00000170145","2.10750297512598","0.0124656963395661","0.464768647304173","1.07553466779676"
"RHBDD3","ENSG00000100263","2.00777894950186","0.013374405024448","0.464768647304173","1.00560044159334"
"EXOC6","ENSG00000138190","0.499760908192226","0.0124278090800205","0.464768647304173","-1.0006900381264"
"STK17B","ENSG00000081320","0.476903941989552","0.0140725083452413","0.470770204268522","-1.06822938708637"
"AC073332.1","ENSG00000237773","6.19210932497823e-05","0.0144540402669271","0.47228200549986","-13.9792095311826"
"SLC35D2","ENSG00000130958","0.00203189230097982","0.0146200858330393","0.47228200549986","-8.94296034955992"
"ZNF747","ENSG00000169955","13.5899208679607","0.0151373673348874","0.47228200549986","3.76446515042365"
"SF3B6","ENSG00000115128","0.10907542351992","0.0151612964927528","0.47228200549986","-3.1966020194411"
"AMOTL2","ENSG00000114019","7.94779495746679","0.0152326730075611","0.47228200549986","2.99055465345552"
"AC127496.6","ENSG00000263218","0.127349813343149","0.0152329975608952","0.47228200549986","-2.97313124983443"
"MT-TD","ENSG00000210154","7.78772097184028","0.0153535997673918","0.47228200549986","2.96120119431068"
"LSM3","ENSG00000170860","0.151778486608484","0.0144070748769327","0.47228200549986","-2.71996078017345"
"RPS26P6","ENSG00000212994","0.180362790428523","0.015380085828917","0.47228200549986","-2.47102635940535"
"RSL24D1","ENSG00000137876","0.186534331237713","0.0143190925503441","0.47228200549986","-2.42248691508665"
"AC012173.1","ENSG00000260350","4.29422687919585","0.0150600432879489","0.47228200549986","2.10239841589252"
"RHBDF1","ENSG00000007384","3.79048717847077","0.0153392630072346","0.47228200549986","1.92238328501759"
"CASK-AS1","ENSG00000233033","0.279236103845145","0.0151209543170971","0.47228200549986","-1.84044260795686"
"PTTG1","ENSG00000164611","0.362277411486082","0.014839079284533","0.47228200549986","-1.46483324038778"
"AC010761.1","ENSG00000264577","2.33966401853253","0.0144205066353126","0.47228200549986","1.22630137015112"
"PCGF2","ENSG00000277258","8.82066121508124","0.0160112378584483","0.474771554067894","3.14088680725257"
"ARHGEF5","ENSG00000050327","3.63360940117811","0.0159637252385045","0.474771554067894","1.86140334382353"
"NFATC2IP","ENSG00000176953","0.310074190287045","0.015670657508329","0.474771554067894","-1.68931464986084"
"ARHGEF37","ENSG00000183111","3.20509513857374","0.0158807446777505","0.474771554067894","1.68036718177737"
"RPL9","ENSG00000163682","0.365559626779283","0.0159525609445156","0.474771554067894","-1.45182135015226"
"STK39","ENSG00000198648","0.401282357195831","0.0159695574539016","0.474771554067894","-1.31731036699176"
"HSP90B1","ENSG00000166598","0.456394624706399","0.0159719666704681","0.474771554067894","-1.13164629483634"
"POLG","ENSG00000140521","0.457076868469852","0.0155595514917597","0.474771554067894","-1.12949128532684"
"SPRYD3","ENSG00000167778","4.21164715237729","0.0162201435381236","0.476573427903027","2.07438457386629"
"RTF2","ENSG00000022277","10.0059524994384","0.0164355929525515","0.480900194568915","3.32278660354115"
"EME1","ENSG00000154920","6.97582501821933","0.0164984699188053","0.480900194568915","2.80236385196785"
"SZT2","ENSG00000198198","881.087193145622","0.0169430297297722","0.481543023200274","9.78314098632596"
"STAT1","ENSG00000115415","0.129546184332472","0.0174502858550052","0.481543023200274","-2.9484615720416"
"SPTY2D1OS","ENSG00000247595","4.22804212471905","0.0172672476354045","0.481543023200274","2.07998975061381"
"ABCA3","ENSG00000167972","4.19691289055186","0.0171788884447668","0.481543023200274","2.06932851953237"
"COMMD7","ENSG00000149600","4.07613646221937","0.016764618027425","0.481543023200274","2.02720235132503"
"PSMA3","ENSG00000100567","0.290093953460033","0.0172956363226018","0.481543023200274","-1.78540786968629"
"RPL15P3","ENSG00000212802","0.310297051808906","0.0174530554479377","0.481543023200274","-1.6882781052746"
"UBL5","ENSG00000198258","0.312069438870577","0.016694235120844","0.481543023200274","-1.6800610146206"
"U2SURP","ENSG00000163714","2.89122085052444","0.0174675256960243","0.481543023200274","1.5316788155901"
"SWAP70","ENSG00000133789","0.442233428481413","0.0172207118279288","0.481543023200274","-1.17712001210869"
"ZNRF2","ENSG00000180233","0.45250098880608","0.0170552574960341","0.481543023200274","-1.14400715010794"
"RXRB","ENSG00000204231","2.52056273388993","0.0177166014258325","0.48690671980165","1.33374586180437"
"ZSWIM9","ENSG00000185453","2.99481077700317","0.0178598320529018","0.489337484345149","1.58246485119327"
"BPTF","ENSG00000171634","9.87781358708833","0.0181975022737791","0.496993507026326","3.30419174260572"
"SEC24B","ENSG00000138802","31.2622824792967","0.019076110906187","0.498210007643457","4.96635120916065"
"AC016735.1","ENSG00000224739","0.0843949558725794","0.0188585705443374","0.498210007643457","-3.56669941542854"
"ZNF317","ENSG00000130803","6.98831291767443","0.0183694922752988","0.498210007643457","2.80494420966705"
"MYL9","ENSG00000101335","4.78433342406671","0.0186126268027593","0.498210007643457","2.25831793562413"
"HLA-C","ENSG00000204525","0.226182179928526","0.0190329826715685","0.498210007643457","-2.14444282577835"
"GAS8","ENSG00000141013","2.92662525062297","0.0188028123944217","0.498210007643457","1.54923802293118"
"ZSCAN16","ENSG00000196812","2.66152922630147","0.0184273343962709","0.498210007643457","1.41225540861121"
"NCOA5","ENSG00000124160","2.58322358222019","0.0189858345251648","0.498210007643457","1.3691725164721"
"TRAPPC9","ENSG00000167632","0.445259026509793","0.0189476845791737","0.498210007643457","-1.16728323624118"
"EVL","ENSG00000196405","0.00100817800140699","0.0200089782819162","0.498688810200738","-9.95403390467776"
"C4orf48","ENSG00000243449","0.0104184079055966","0.0194606430367372","0.498688810200738","-6.58472136150504"
"TCTN1","ENSG00000204852","20.4888425125197","0.0194546383514035","0.498688810200738","4.356766578572"
"PDE8A","ENSG00000073417","0.22328063010688","0.0199272455742725","0.498688810200738","-2.16306999402182"
"MGST3","ENSG00000143198","0.265967400267596","0.0199186297450703","0.498688810200738","-1.91067867004243"
"DCTN6","ENSG00000104671","0.272117310349552","0.0203227414815348","0.498688810200738","-1.87769936041991"
"SH3D19","ENSG00000109686","0.282016281735015","0.0192390501009643","0.498688810200738","-1.82614963829066"
"RARA","ENSG00000131759","3.37717640031491","0.0194722898691104","0.498688810200738","1.75581753771464"
"ANXA10","ENSG00000109511","0.321535013934549","0.0193044822163593","0.498688810200738","-1.63695224480157"
"ATP5MC2","ENSG00000135390","2.29919579076805","0.0195785647238935","0.498688810200738","1.20112932570937"
"RPS15","ENSG00000115268","2.22785161395833","0.0202686960443105","0.498688810200738","1.15565314518443"
"TMEM208","ENSG00000168701","0.4644988721208","0.0202571064153836","0.498688810200738","-1.1062530013746"
"CAPNS1","ENSG00000126247","27.8625158107073","0.0204384843185385","0.499397399782489","4.80025362503628"
"PITPNA","ENSG00000174238","2.66667691856375","0.0204634402508275","0.499397399782489","1.41504304565359"
"MT-CO2","ENSG00000198712","4.83558146466016","0.0205495912398933","0.500133375898439","2.27368938003168"
"MUTYH","ENSG00000132781","47.4776364751966","0.0210455217672382","0.501391995636031","5.5691762116198"
"COX7B","ENSG00000131174","0.0990713051481747","0.0207280651365326","0.501391995636031","-3.33538893170768"
"TOP1","ENSG00000198900","0.464160433735637","0.0208402747762457","0.501391995636031","-1.10730454610895"
"DCAF6","ENSG00000143164","0.177881149390333","0.0212889633564072","0.501723009761026","-2.49101446298965"
"PEX10","ENSG00000157911","0.200799176048193","0.0212530360517105","0.501723009761026","-2.31617474548725"
"ICAM1","ENSG00000090339","0.216376734713591","0.0212702190048719","0.501723009761026","-2.20838270902086"
"TBC1D10B","ENSG00000169221","2.35012667262158","0.0213605903310264","0.502086296938758","1.23273852063612"
"ALOX5","ENSG00000012779","2.76661539396517","0.0218064656193129","0.508551830056665","1.46812209903083"
"AGGF1","ENSG00000164252","0.379192482776319","0.0218011643074472","0.508551830056665","-1.39899773077994"
"PLXNB1","ENSG00000164050","393.429826090775","0.0219967434963875","0.509144335574614","8.61996252289231"
"AL590714.1","ENSG00000224985","11.3715051306076","0.0221075561330337","0.509144335574614","3.50735131664181"
"MT-ND4","ENSG00000198886","3.5893790423479","0.0221979523627183","0.509144335574614","1.84373428137104"
"GARS1","ENSG00000106105","0.416905255942854","0.0220762507275563","0.509144335574614","-1.26220853450673"
"SLC6A6","ENSG00000131389","0.00406199335552011","0.0224339434329195","0.512480774278355","-7.94359640494088"
"MSH6","ENSG00000116062","0.0906914818801192","0.0232753850205973","0.512948754800341","-3.46288913655578"
"NUDT6","ENSG00000170917","10.5416845041115","0.0225634047713961","0.512948754800341","3.3980335151404"
"SEMA3B","ENSG00000012171","8.78462656746556","0.0234542768738458","0.512948754800341","3.13498095888972"
"ANKHD1-EIF4EBP3","ENSG00000254996","8.71566703760458","0.0227771759212846","0.512948754800341","3.12361108259745"
"FOXP4","ENSG00000137166","7.22123174881816","0.0234584151010783","0.512948754800341","2.85224494325447"
"MRPS22","ENSG00000175110","3.86147992522928","0.0227816172089634","0.512948754800341","1.94915387122352"
"MT-CO1","ENSG00000198804","3.6486266099388","0.0234102234807612","0.512948754800341","1.86735351717272"
"CDH1","ENSG00000039068","0.283197800194938","0.0230226440153103","0.512948754800341","-1.82011803589364"
"CYP1B1","ENSG00000138061","3.41244367571389","0.023399488767251","0.512948754800341","1.77080523374271"
"NDUFB4","ENSG00000065518","0.31118489423906","0.0233514206510212","0.512948754800341","-1.68415606520379"
"RBX1","ENSG00000100387","0.353180348632997","0.0227195293547646","0.512948754800341","-1.50152302290451"
"ERH","ENSG00000100632","0.406135041260716","0.0229194603433245","0.512948754800341","-1.29996858677777"
"GNAI3","ENSG00000065135","0.438379903621247","0.0233067908153063","0.512948754800341","-1.18974643164939"
"RPS24","ENSG00000138326","0.499122271543409","0.0230320678314812","0.512948754800341","-1.00253481451349"
"MARCKS","ENSG00000277443","0.302618339811193","0.0238220345034144","0.517058461436253","-1.7244286719299"
"CEBPG","ENSG00000153879","0.416806825815172","0.0239847337012244","0.518720681402752","-1.26254919085764"
"LETM1","ENSG00000168924","2.33504019326721","0.0241574402331992","0.521193855466027","1.22344738339456"
"MT1F","ENSG00000198417","10.9161755432613","0.0242389606202957","0.521692521109594","3.44839559480959"
"STK17A","ENSG00000164543","0.219008528272591","0.024315447143424","0.52208070645448","-2.19094104489189"
"AC004542.4","ENSG00000276057","0.103794338300826","0.0246183278402645","0.524249214455725","-3.26820034414042"
"AL136295.1","ENSG00000254692","5291.4107315725","0.0258783134534841","0.527027648418523","12.3694366920887"
"AC110597.3","ENSG00000263424","608.620749816044","0.0286628669054629","0.527027648418523","9.24939971052569"
"RNF185","ENSG00000138942","0.00165133007843457","0.0255792397114739","0.527027648418523","-9.2421557604592"
"MTFR1L","ENSG00000117640","143.892723321009","0.0265827962866612","0.527027648418523","7.16884982636903"
"PAWR","ENSG00000177425","0.0161739137274544","0.0288734842570255","0.527027648418523","-5.95018736860116"
"BEST1","ENSG00000167995","60.805791328677","0.0290464894609097","0.527027648418523","5.92613683176784"
"MTA3","ENSG00000057935","59.271245612551","0.0287020051010958","0.527027648418523","5.88926047161285"
"FAM72A","ENSG00000196550","0.0179336696880879","0.0265190350511063","0.527027648418523","-5.80118545900846"
"WASF1","ENSG00000112290","44.4381631102429","0.0258119114201625","0.527027648418523","5.47372727780442"
"RAB11A","ENSG00000103769","25.2795912669726","0.0278972913742404","0.527027648418523","4.65990123237869"
"MIR4435-2HG","ENSG00000172965","0.0568977883419295","0.0284253962346399","0.527027648418523","-4.13548361474977"
"DBF4B","ENSG00000161692","12.1614234699969","0.0285837282735111","0.527027648418523","3.60424019808612"
"MID1IP1-AS1","ENSG00000238123","0.115427473936734","0.026219136140028","0.527027648418523","-3.11494144113981"
"AL589765.7","ENSG00000269621","0.116442460569609","0.0275491501339311","0.527027648418523","-3.102310864106"
"ACTR6","ENSG00000075089","0.117681969775854","0.0291502150583635","0.527027648418523","-3.08703479496586"
"AC079742.1","ENSG00000232581","0.132822753232165","0.0283430813023258","0.527027648418523","-2.9124257858274"
"RABEP2","ENSG00000177548","6.72300647476154","0.0286829793396923","0.527027648418523","2.7491065389941"
"ZNF212","ENSG00000170260","5.55408339889109","0.0289585290708254","0.527027648418523","2.47354884050988"
"SARNP","ENSG00000205323","0.181994552252913","0.0258247214939906","0.527027648418523","-2.45803282883337"
"TAPBPL","ENSG00000139192","5.41382653897531","0.0282252421749475","0.527027648418523","2.43664866380534"
"RFK","ENSG00000135002","0.19197226736081","0.0254935838808641","0.527027648418523","-2.38103018305983"
"ALKBH2","ENSG00000189046","0.194735946383916","0.0287825066104901","0.527027648418523","-2.36040887860973"
"SNHG16","ENSG00000163597","4.90216179256205","0.0268423287644097","0.527027648418523","2.29341810017272"
"HEXD","ENSG00000169660","4.67558932325152","0.0257483586435352","0.527027648418523","2.22514821743849"
"CCAR1","ENSG00000060339","0.224968257697871","0.0262692892862193","0.527027648418523","-2.15220663874479"
"RNASEH1-AS1","ENSG00000234171","0.239884233094097","0.0287944236595186","0.527027648418523","-2.05958975836682"
"TIPRL","ENSG00000143155","0.242001447084006","0.0284786544711761","0.527027648418523","-2.04691242054998"
"ADAM17","ENSG00000151694","0.263840083086601","0.0275350410123762","0.527027648418523","-1.92226433667624"
"AC022966.1","ENSG00000055483","3.66416245003937","0.0287886534503554","0.527027648418523","1.87348346650004"
"TXN","ENSG00000136810","0.291426325126948","0.0261429111136644","0.527027648418523","-1.77879689004952"
"CAMK2N1","ENSG00000162545","0.31848977809954","0.0291282332550233","0.527027648418523","-1.65068102482887"
"CCDC167","ENSG00000198937","0.343466888556455","0.025873220667173","0.527027648418523","-1.54175707013194"
"PLAGL2","ENSG00000126003","2.75725159100861","0.0269589012410461","0.527027648418523","1.46323091498685"
"ZMAT2","ENSG00000146007","0.37628746110222","0.0279778096432322","0.527027648418523","-1.41009287911176"
"MRPL52","ENSG00000172590","0.378869169414949","0.0270459938987058","0.527027648418523","-1.40022834997836"
"POLR2L","ENSG00000177700","0.379111671750454","0.0274571900011301","0.527027648418523","-1.39930522129285"
"PPP2R5A","ENSG00000066027","0.383833655439528","0.0254106769239624","0.527027648418523","-1.38144687890656"
"TIMM44","ENSG00000104980","0.396830264342668","0.0274915560759245","0.527027648418523","-1.33340603752929"
"UBE2D1","ENSG00000072401","0.411337422858319","0.0274689854651993","0.527027648418523","-1.28160576285922"
"NSA2","ENSG00000164346","0.411651099005687","0.0288547840969613","0.527027648418523","-1.2805060171589"
"MCU","ENSG00000156026","0.412077054109567","0.0266084533182837","0.527027648418523","-1.27901396333396"
"AMMECR1L","ENSG00000144233","2.3715511677052","0.0254047632548833","0.527027648418523","1.2458309958044"
"CGAS","ENSG00000164430","0.422716271021631","0.0284105195539763","0.527027648418523","-1.24223844982305"
"PPRC1","ENSG00000148840","2.34273209899358","0.0283064744632491","0.527027648418523","1.22819198554912"
"MSMO1","ENSG00000052802","0.430748067641938","0.0268087758585822","0.527027648418523","-1.21508377042703"
"FAM13B","ENSG00000031003","2.28866152120566","0.0289658541377952","0.527027648418523","1.19450411305257"
"AL359632.1","ENSG00000287782","2.21575697587833","0.0272046281679346","0.527027648418523","1.14779965533933"
"LPAR2","ENSG00000064547","2.10754662960497","0.0272709878044504","0.527027648418523","1.07556455124121"
"MTPN","ENSG00000105887","0.474757885178905","0.028994084956478","0.527027648418523","-1.074736132819"
"SLC37A3","ENSG00000157800","0.482223056560135","0.0287092088597715","0.527027648418523","-1.05222746263266"
"THOC6","ENSG00000131652","2.07143685950863","0.029201110114818","0.527027648418523","1.05063184548628"
"SCRN1","ENSG00000136193","0.488029960667656","0.0287749097441654","0.527027648418523","-1.03495837582905"
"UQCRC2","ENSG00000140740","0.489486437749626","0.0265222590882013","0.527027648418523","-1.03065920740245"
"BRK1","ENSG00000254999","0.490294593082566","0.0260978574103841","0.527027648418523","-1.02827924306589"
"RPL5","ENSG00000122406","0.491248278336787","0.0266703713959929","0.527027648418523","-1.02547574367761"
"AGPAT5","ENSG00000155189","29.4191085256985","0.029762977280126","0.527852547943836","4.87868162478942"
"NDUFA4","ENSG00000189043","0.197941635661791","0.0297847832695581","0.527852547943836","-2.33685298960175"
"BNIP3","ENSG00000176171","0.245289514002299","0.0297310946268174","0.527852547943836","-2.02744253412775"
"BAP1","ENSG00000163930","3.08332121727987","0.0295511667579684","0.527852547943836","1.62448519578198"
"MPP2","ENSG00000108852","0.486822166171706","0.0294727349443369","0.527852547943836","-1.03853323600182"
"CLUH","ENSG00000132361","2.01408421389243","0.0294659831723154","0.527852547943836","1.01012400728956"
"MT-ND4L","ENSG00000212907","4.52004477993224","0.0302563625091001","0.534090572986724","2.17633706544271"
"TSPAN1","ENSG00000117472","0.225273688992127","0.0302043439485415","0.534090572986724","-2.15024927211386"
"MARK2","ENSG00000072518","5.35616313298324","0.0305258452244842","0.535671610108238","2.42119990158116"
"ITFG1","ENSG00000129636","0.400547556368481","0.0306357205691271","0.536545600242046","-1.3199545532175"
"RPS29","ENSG00000213741","0.0944429406750441","0.0307335053924591","0.537204833983258","-3.40441322623387"
"EPS8L1","ENSG00000131037","0.00297935938358243","0.0326474403171653","0.54524477079571","-8.39078212628439"
"ZMYND8","ENSG00000101040","0.0215656392970553","0.0328416577125047","0.54524477079571","-5.53512170546579"
"PLEKHB2","ENSG00000115762","42.2787426435627","0.031878161819318","0.54524477079571","5.40186056695162"
"THOC5","ENSG00000100296","0.069970322327361","0.0324511772715262","0.54524477079571","-3.83711305214501"
"DPAGT1","ENSG00000172269","0.115782775304325","0.0326860078302588","0.54524477079571","-3.11050745150298"
"DCAF13","ENSG00000164934","0.135385413382424","0.0324746508691313","0.54524477079571","-2.88485578562333"
"SLC6A14","ENSG00000268104","0.19459753484173","0.0320567031792203","0.54524477079571","-2.36143466068888"
"AC005041.5","ENSG00000286883","0.205657578331834","0.0321134232034935","0.54524477079571","-2.28168385980904"
"RING1","ENSG00000204227","4.54371409220057","0.0321812801921282","0.54524477079571","2.18387205783083"
"SNX7","ENSG00000162627","0.24783337163476","0.0326431081202201","0.54524477079571","-2.01255763036939"
"WDR62","ENSG00000075702","4.00947874061282","0.0324416243230812","0.54524477079571","2.0034146887464"
"SMC2","ENSG00000136824","0.2883151477476","0.0321063889179145","0.54524477079571","-1.79428145851846"
"LAMTOR2","ENSG00000116586","0.302460520168513","0.0319917957118052","0.54524477079571","-1.72518125357196"
"LARGE2","ENSG00000165905","3.09273959638266","0.0315568290219093","0.54524477079571","1.62888536597717"
"SAFB2","ENSG00000130254","2.12462908403105","0.0327719773318982","0.54524477079571","1.08721099873902"
"ANKRD13A","ENSG00000076513","0.49679109706857","0.032489712560562","0.54524477079571","-1.0092887754556"
"CAPZA2","ENSG00000198898","0.0809494034337767","0.0331110598232139","0.546031622787672","-3.62683574131981"
"EPRS1","ENSG00000136628","0.44039864648001","0.0330337476543703","0.546031622787672","-1.18311805995324"
"HLA-A","ENSG00000206503","0.441637400062992","0.0330317849542801","0.546031622787672","-1.17906574296903"
"BOLA2-SMG1P6","ENSG00000261740","0.120194286295028","0.0332580861874048","0.546331302081171","-3.05655977895269"
"MT-TL1","ENSG00000209082","7.92524888027748","0.0333991425381082","0.546331302081171","2.98645624158696"
"INSIG2","ENSG00000125629","0.316663645958887","0.0333986827291071","0.546331302081171","-1.65897684420994"
"WNK2","ENSG00000165238","2.04791261798263","0.0333157099186749","0.546331302081171","1.03415415855441"
"TIMM50","ENSG00000105197","0.41225572395916","0.0339221693373428","0.549896218731663","-1.2783885700053"
"TMED7","ENSG00000134970","0.466669108937603","0.0340013261791094","0.550180879405445","-1.09952812331603"
"HDAC9","ENSG00000048052","0.00116147884437217","0.0352406963403936","0.550354422140004","-9.74982140808516"
"MTATP8P1","ENSG00000240409","237.725699412826","0.0351346237698021","0.550354422140004","7.89315406449507"
"MT-TK","ENSG00000210156","41.5874998438678","0.0353702854804936","0.550354422140004","5.37807805057918"
"RBIS","ENSG00000176731","0.119651917254337","0.0344321230469402","0.550354422140004","-3.06308458065897"
"HINT1","ENSG00000169567","0.151374611149533","0.0346413191857322","0.550354422140004","-2.72380484095197"
"CKS2","ENSG00000123975","0.186934671284802","0.0353312522413607","0.550354422140004","-2.41939392039136"
"EIF5AP4","ENSG00000234743","0.272579351973161","0.0354292199653495","0.550354422140004","-1.87525181350049"
"BRAP","ENSG00000089234","0.286630056857752","0.0353699935628532","0.550354422140004","-1.80273819217507"
"EIF3E","ENSG00000104408","0.30617168160024","0.0348886981505638","0.550354422140004","-1.70758724348079"
"ETHE1","ENSG00000105755","0.313979353783477","0.0344632411873594","0.550354422140004","-1.6712583993803"
"PSMC6","ENSG00000100519","0.324747342456985","0.035181155543933","0.550354422140004","-1.62261037534143"
"RPS15A","ENSG00000134419","0.334445828886116","0.0347036671158144","0.550354422140004","-1.58015554239521"
"FAM89A","ENSG00000182118","0.380264520389768","0.0347499091907398","0.550354422140004","-1.39492475661715"
"LRWD1","ENSG00000161036","2.54021569982406","0.0348560872761443","0.550354422140004","1.34495100717617"
"NLN","ENSG00000123213","0.432610078041889","0.0348159887038785","0.550354422140004","-1.20886082031401"
"NDFIP2","ENSG00000102471","0.00879791694227158","0.036513000269791","0.551234414381122","-6.82862230327521"
"SDR42E1","ENSG00000184860","17.0024549486765","0.0360891966527317","0.551234414381122","4.08767116399014"
"ATP11B","ENSG00000058063","0.11181555118237","0.0364513871278469","0.551234414381122","-3.1608072443319"
"UBE3A","ENSG00000114062","8.18333582853589","0.0360779807498877","0.551234414381122","3.0326890586022"
"FOXJ3","ENSG00000198815","6.69845758816783","0.0361816239793489","0.551234414381122","2.74382893346944"
"ATG101","ENSG00000123395","0.302913367771451","0.035805624823008","0.551234414381122","-1.72302284824292"
"AP3S1","ENSG00000177879","0.319449729243194","0.0364129690550088","0.551234414381122","-1.64633917804306"
"HDAC2","ENSG00000196591","0.359873415731177","0.0359087728572403","0.551234414381122","-1.47443856225337"
"FOXA3","ENSG00000170608","0.39149829153573","0.0363762436723924","0.551234414381122","-1.35292208315216"
"HSPD1","ENSG00000144381","0.462170758003334","0.0366268826826022","0.551234414381122","-1.11350211292293"
"XRCC6","ENSG00000196419","0.466069489402874","0.0360787104980687","0.551234414381122","-1.1013830229629"
"SLC40A1","ENSG00000138449","2.14545931775","0.0366584462765771","0.551234414381122","1.1012865449284"
"ACO1","ENSG00000122729","0.499040921263284","0.0356333203597401","0.551234414381122","-1.00276997374761"
"KLHDC4","ENSG00000104731","0.0558730688200869","0.0367319649826973","0.551411615504961","-4.16170312749366"
"PIP4K2C","ENSG00000166908","28.4292624624908","0.0368599204288311","0.552404042399865","4.82930476669531"
"SNHG3","ENSG00000242125","4.75912627063331","0.0370396892289306","0.554168348731673","2.25069673304427"
"ECHDC3","ENSG00000134463","0.077379494173945","0.0371693572946902","0.555029113414094","-3.6919048917913"
"PROCR","ENSG00000101000","0.285650597819988","0.0373005969368376","0.555029113414094","-1.80767654563755"
"PROCR","ENSG00000101000","0.285650597819988","0.0373005969368376","0.555029113414094","-1.80767654563755"
"TTLL12","ENSG00000100304","3.2566575108399","0.0374079183022038","0.555029113414094","1.70339200545886"
"DHRS3","ENSG00000162496","0.438038188601142","0.0373146662452944","0.555029113414094","-1.19087144400196"
"PRSS2","ENSG00000275896","2.17384196211909","0.0373898698799195","0.555029113414094","1.12024706053328"
"CLK1","ENSG00000013441","53.1668609949786","0.0375558834747182","0.555379389397653","5.73245538619693"
"BIN3","ENSG00000147439","45.0091321299561","0.0376489302894154","0.555835116272824","5.49214584170637"
"PYCR3","ENSG00000104524","2.72413856707239","0.0377464776385248","0.556355673708421","1.4458000898932"
"PCGF1","ENSG00000115289","0.0240861937559046","0.038206620209394","0.558962475798277","-5.37564976146766"
"EARS2","ENSG00000103356","2.88816584256276","0.0381744621643103","0.558962475798277","1.53015358619094"
"RHNO1","ENSG00000171792","0.325653108402497","0.0383497633331007","0.559706023024927","-1.61859209743021"
"MIR6506","ENSG00000284184","3976.4954001796","0.0387970457551206","0.560935299200518","11.9572817867485"
"RSRC2","ENSG00000111011","9.01850355658287","0.0387382958422986","0.560935299200518","3.17288806645167"
"S100A6","ENSG00000197956","0.334077481467988","0.0387261847171896","0.560935299200518","-1.58174535396648"
"TST","ENSG00000128311","0.361599675170659","0.0387390288355765","0.560935299200518","-1.467534713124"
"GMFB","ENSG00000197045","0.375021755978423","0.0388107943244425","0.560935299200518","-1.41495380239421"
"CST3","ENSG00000101439","0.460750887826097","0.0385334683570255","0.560935299200518","-1.1179411490833"
"DERL2","ENSG00000072849","0.00650720981035964","0.038954923839568","0.561911777027763","-7.26374521372074"
"FKBP9","ENSG00000122642","17.2566227400262","0.039005650064632","0.561911777027763","4.10907823999724"
"RPS26P8","ENSG00000204652","0.149575511412235","0.0390670861547515","0.561911777027763","-2.74105409918091"
"PMAIP1","ENSG00000141682","0.168400050997218","0.0394200135672791","0.562678271352837","-2.57003551958625"
"DCTN3","ENSG00000137100","0.256056983831508","0.0393530158676217","0.562678271352837","-1.96546318644817"
"EIF3J","ENSG00000104131","0.339421342115501","0.0395340224853142","0.563186425580266","-1.55885081345946"
"MT-TT","ENSG00000210195","8.29851463597087","0.039851822285523","0.56322227318717","3.05285312934026"
"AC139530.1","ENSG00000262049","2.30019220564007","0.0397135616131208","0.56322227318717","1.20175441879486"
"ZNRF1","ENSG00000186187","88.9098465265216","0.0404780308143884","0.567084716591454","6.47427129738832"
"TM9SF1","ENSG00000100926","0.0251068653600131","0.0403975014208269","0.567084716591454","-5.31577427314711"
"BOD1","ENSG00000145919","18.5113791253288","0.040538754368337","0.567084716591454","4.21034047703018"
"RBM5","ENSG00000003756","0.0602853570167827","0.0403368853826511","0.567084716591454","-4.05204856782649"
"BSCL2","ENSG00000168000","0.370042660724745","0.0405695402935444","0.567084716591454","-1.43423649206963"
"SORBS2","ENSG00000154556","0.00629167635620846","0.0418721729748639","0.568804805544837","-7.3123398242235"
"CFL2","ENSG00000165410","0.0184737506272019","0.041525043307249","0.568804805544837","-5.7583793910265"
"IL32","ENSG00000008517","0.193856172570925","0.041177632623397","0.568804805544837","-2.36694142223991"
"VTA1","ENSG00000009844","0.203394981092331","0.0412523955742248","0.568804805544837","-2.29764401472115"
"NPIPA5","ENSG00000183793","4.78123777190171","0.0415693134297176","0.568804805544837","2.25738415297985"
"HMBS","ENSG00000256269","3.46781777507363","0.0417442119804896","0.568804805544837","1.79402809062875"
"SLC25A38","ENSG00000144659","0.288817182214836","0.0419162448487851","0.568804805544837","-1.79177152178014"
"QRSL1","ENSG00000130348","0.297269524878075","0.0408866778117776","0.568804805544837","-1.75015652454741"
"FAM49B","ENSG00000153310","0.332519799801512","0.0418986884345842","0.568804805544837","-1.58848784682997"
"AL662797.2","ENSG00000272540","0.491394543080515","0.0414077720202153","0.568804805544837","-1.02504625817709"
"AC004477.2","ENSG00000266341","2.01759887429186","0.0415470654051967","0.568804805544837","1.01263937583527"
"KCTD1","ENSG00000134504","5.75818104807139","0.0420556465174045","0.569153082868874","2.52561315066732"
"MMADHC","ENSG00000168288","0.142628720130532","0.0422110516345356","0.570392001814936","-2.80966357861792"
"PCTP","ENSG00000141179","0.000400457389672802","0.0445926570212156","0.570636723570905","-11.2860636374851"
"POMT2","ENSG00000009830","45.335700587002","0.0428083422240775","0.570636723570905","5.5025756744107"
"AL662899.4","ENSG00000263020","0.0275570420809582","0.0425207223573656","0.570636723570905","-5.18143514948835"
"TP53BP2","ENSG00000143514","16.073825752929","0.0433754871196387","0.570636723570905","4.00664144256166"
"FST","ENSG00000134363","0.0699010680966608","0.044005824987433","0.570636723570905","-3.83854168945323"
"ATP5F1B","ENSG00000110955","0.0742758465421864","0.0449867414414389","0.570636723570905","-3.75096304682942"
"TMEM120B","ENSG00000188735","0.0903128827885083","0.0450140977337237","0.570636723570905","-3.46892439244041"
"AL136038.4","ENSG00000258800","0.144202516941232","0.0454873877275509","0.570636723570905","-2.79383174898447"
"SGO1-AS1","ENSG00000231304","0.1477261211241","0.0445111296693779","0.570636723570905","-2.75900314702253"
"COQ3","ENSG00000132423","0.193579678262365","0.0431751209585212","0.570636723570905","-2.36900058653591"
"TBC1D16","ENSG00000167291","0.220344025312472","0.0423971061060981","0.570636723570905","-2.18217031680584"
"MT-TY","ENSG00000210144","4.31043413976413","0.0451504792511124","0.570636723570905","2.10783318247961"
"FAM229B","ENSG00000203778","0.234509051916765","0.044909607282773","0.570636723570905","-2.09228448385935"
"PFDN4","ENSG00000101132","0.237620783278588","0.0439991159918599","0.570636723570905","-2.0732670692636"
"AL136295.5","ENSG00000259529","0.303939020660711","0.0439950664767804","0.570636723570905","-1.71814619034672"
"AC015674.1","ENSG00000264558","0.323637590527516","0.0442502288495525","0.570636723570905","-1.62754890826285"
"COPG2","ENSG00000158623","0.34618796387757","0.0433942712882365","0.570636723570905","-1.53037252834572"
"MLLT3","ENSG00000171843","0.368238850539986","0.0428070330565128","0.570636723570905","-1.44128625058804"
"GPN1","ENSG00000198522","2.6961282737585","0.0443068029256517","0.570636723570905","1.43088913728865"
"MED27","ENSG00000160563","0.386444948352727","0.0436204283777919","0.570636723570905","-1.37166518758173"
"LRRC1","ENSG00000137269","0.395771294840937","0.0430077040579802","0.570636723570905","-1.33726111689411"
"TPD52","ENSG00000076554","0.399104782693969","0.0436386747730639","0.570636723570905","-1.32516052731974"
"PSMB5","ENSG00000100804","0.409274521927168","0.0446015907836284","0.570636723570905","-1.28885923566414"
"METTL27","ENSG00000165171","0.423228272569264","0.044894685412703","0.570636723570905","-1.24049208904919"
"SCCPDH","ENSG00000143653","0.428403191101382","0.0440378844844616","0.570636723570905","-1.22295886837297"
"HSPG2","ENSG00000142798","2.2636232869319","0.0450472307864003","0.570636723570905","1.17863388427583"
"SETDB1","ENSG00000143379","2.10734258444646","0.044995852095786","0.570636723570905","1.07542486788367"
"AP2S1","ENSG00000042753","0.487674251619622","0.0430430331983677","0.570636723570905","-1.0360102923748"
"VPS41","ENSG00000006715","0.493357130096269","0.0443872330798277","0.570636723570905","-1.01929573572392"
"FAM169A","ENSG00000198780","0.00240815841789933","0.0466294707186491","0.57224791083603","-8.69785398342819"
"CSNK2B","ENSG00000204435","166.102722785932","0.047667772422417","0.57224791083603","7.37593191218739"
"RTEL1","ENSG00000258366","0.0726124749038142","0.0464741536987334","0.57224791083603","-3.78363876365031"
"PANK4","ENSG00000157881","13.147401438064","0.046227926533736","0.57224791083603","3.71670577631526"
"LIMK2","ENSG00000182541","8.58693061787086","0.0471945625109212","0.57224791083603","3.10214253489055"
"AC011495.3","ENSG00000268677","6.21907005252772","0.0468668639487145","0.57224791083603","2.63669886799099"
"GFM2","ENSG00000164347","0.224367575812521","0.0464224556503738","0.57224791083603","-2.15606389306884"
"STMN1","ENSG00000117632","0.227870027852121","0.0473038714230642","0.57224791083603","-2.13371691803644"
"DGCR8","ENSG00000128191","4.22269736829952","0.0477447691955544","0.57224791083603","2.07816485597217"
"RPL37","ENSG00000145592","0.262955802852493","0.0473252669017123","0.57224791083603","-1.92710776063145"
"RSAD1","ENSG00000136444","0.268925625269936","0.0479174369338458","0.57224791083603","-1.89472086221865"
"AC008914.1","ENSG00000262211","3.19739754922959","0.046650691706563","0.57224791083603","1.67689813312212"
"LXN","ENSG00000079257","0.376976252377769","0.047317524073933","0.57224791083603","-1.40745445111736"
"UBE2SP1","ENSG00000233966","0.377320028679389","0.046049470751977","0.57224791083603","-1.40613941241886"
"SLC18B1","ENSG00000146409","0.384310857427292","0.0472067325838814","0.57224791083603","-1.37965435935253"
"ATG4D","ENSG00000130734","0.386640455119464","0.0463414996176907","0.57224791083603","-1.37093549679316"
"TXNRD2","ENSG00000184470","2.53529996316151","0.047622745485046","0.57224791083603","1.3421564493051"
"ENPP4","ENSG00000001561","0.400878240517277","0.0459362370545371","0.57224791083603","-1.31876398408309"
"NRAS","ENSG00000213281","0.456842641608334","0.0479222388384852","0.57224791083603","-1.13023077701123"
"UFM1","ENSG00000120686","0.45711420055765","0.0479140935054382","0.57224791083603","-1.12937345696516"
"GPATCH1","ENSG00000076650","2.08344411260154","0.0460120657192951","0.57224791083603","1.05897040095047"
"BAG1","ENSG00000107262","5.27882992519572","0.0481525481140397","0.574230386855277","2.40021818560898"
"COX7A2","ENSG00000112695","0.19150328349586","0.0486555330985414","0.578683384335782","-2.38455896622233"
"PREB","ENSG00000138073","6.12836523990484","0.0491531441846365","0.580491411079846","2.61550228193929"
"PSMC3IP","ENSG00000131470","3.18067676644489","0.0492462277978187","0.580491411079846","1.66933376667741"
"TMEM47","ENSG00000147027","0.32924049248202","0.0490316558600467","0.580491411079846","-1.60278631468525"
"PRDX1","ENSG00000117450","0.436864747645473","0.0491008779209375","0.580491411079846","-1.19474140121094"
"AC005329.2","ENSG00000267755","2.12096447274315","0.0490389828239113","0.580491411079846","1.08472045517938"
"HIBCH","ENSG00000198130","0.335127821355502","0.0493426537777689","0.580670070544179","-1.57721663494746"
"RPL32P29","ENSG00000244270","0.183953560136497","0.0494830193958444","0.580892377264938","-2.44258649717627"
"B3GALT5","ENSG00000183778","0.00390697748887155","0.0496965342132275","0.581007125121136","-7.99973134160197"
"PPP4R1","ENSG00000154845","0.219316379868974","0.0498171764943753","0.581656235879425","-2.18891452969182"
"PSMB1","ENSG00000008018","0.318688086237965","0.0498948178537638","0.581802236383575","-1.64978300814272"
