id,feature,fc,pval,qval,gene_name,de
ENSG00000164032,gene,0.368912064357865,6.3865268628005e-06,0.0570444579385341,H2AZ1,-1.43865112530526
ENSG00000097007,gene,1.83475349548321,6.49882296785975e-05,0.224740337887633,ABL1,0.875586245775362
ENSG00000274425,gene,0.339274381983188,8.80672238351421e-05,0.224740337887633,AC114271.1,-1.55947559611207
ENSG00000140564,gene,1.76070992198202,0.000100645023684565,0.224740337887633,FURIN,0.816157243871165
ENSG00000154127,gene,1.39324335722072,0.000167230590604972,0.298740727056722,UBASH3B,0.478447274874791
ENSG00000171119,gene,0.394741703413801,0.000405150704981372,0.36736030774842,NRTN,-1.34101915070065
ENSG00000198888,gene,8.88409306427586,0.000514062803687931,0.36736030774842,MT-ND1,3.1512245057469
ENSG00000197362,gene,1.52731325652256,0.000539678339801952,0.36736030774842,ZNF786,0.610995993557152
ENSG00000163975,gene,2.96626719627258,0.000569560051636109,0.36736030774842,MELTF,1.56864855914624
ENSG00000161813,gene,0.0381203059061392,0.000570370633596218,0.36736030774842,LARP4,-4.71329649320528
ENSG00000108846,gene,2.81668858114426,0.00060460444816135,0.36736030774842,ABCC3,1.49400006521277
ENSG00000128973,gene,1.82132489391685,0.000617248867001541,0.36736030774842,CLN6,0.86498829795122
ENSG00000113763,gene,0.349982230714356,0.000624064705574634,0.36736030774842,UNC5A,-1.51464641943277
ENSG00000169688,gene,9.80833995359199,0.000632602107964231,0.36736030774842,MT1B,3.29400898319487
ENSG00000000419,gene,0.0931532867092527,0.000669229246455294,0.36736030774842,DPM1,-3.42424951738196
ENSG00000023191,gene,0.14518040863216,0.000817284301797727,0.36736030774842,RNH1,-2.78408131287745
ENSG00000086065,gene,0.265850741835119,0.000875731569666804,0.36736030774842,CHMP5,-1.91131160273648
ENSG00000183458,gene,4.59099601824517,0.000883801270093687,0.36736030774842,AC138932.1,2.19880718080645
ENSG00000164713,gene,0.194074353433978,0.000946907280439335,0.36736030774842,BRI3,-2.36531861371502
ENSG00000137801,gene,3.68089311235924,0.000980098201518231,0.36736030774842,THBS1,1.88005585662005
ENSG00000115541,gene,0.218763208025128,0.000991210291969469,0.36736030774842,HSPE1,-2.19255797130421
ENSG00000182004,gene,0.118363277341077,0.0010198067275855,0.36736030774842,SNRPE,-3.07870654614709
ENSG00000079459,gene,0.435494186976887,0.00104648234029114,0.36736030774842,FDFT1,-1.19927463318283
ENSG00000167202,gene,0.669213366612402,0.00105807457562879,0.36736030774842,TBC1D2B,-0.579461833383125
ENSG00000134057,gene,0.428510949541875,0.00106094986109517,0.36736030774842,CCNB1,-1.22259602556024
ENSG00000186603,gene,2.41898741737673,0.00117542995822228,0.36736030774842,HPDL,1.27440326500391
ENSG00000214826,gene,1.97117318006319,0.00120096972563266,0.36736030774842,DDX12P,0.97905453185717
ENSG00000105825,gene,0.195273673041675,0.00120926804850585,0.36736030774842,TFPI2,-2.3564306378924
ENSG00000099194,gene,0.583778230002172,0.00125304184965103,0.36736030774842,SCD,-0.776507683385168
ENSG00000152234,gene,0.32720887445423,0.00130225925184746,0.36736030774842,ATP5F1A,-1.61171621776453
ENSG00000123977,gene,0.116484737358613,0.00134249073696291,0.36736030774842,DAW1,-3.10178715957468
ENSG00000172380,gene,0.45615473092518,0.00139867673912375,0.36736030774842,GNG12,-1.13240481507273
ENSG00000179091,gene,0.606777714544959,0.00140775027643314,0.36736030774842,CYC1,-0.720759994974598
ENSG00000127616,gene,0.000185170542462195,0.00146224303297959,0.36736030774842,SMARCA4,-12.3988577713612
ENSG00000103343,gene,0.00647766692804074,0.0014796879032587,0.36736030774842,ZNF174,-7.2703099958463
ENSG00000198938,gene,2.56738789977879,0.00149823930003778,0.36736030774842,MT-CO3,1.36030128532092
ENSG00000115053,gene,0.552848618107489,0.0015412900648647,0.36736030774842,NCL,-0.855043601414557
ENSG00000161970,gene,0.201478063301733,0.0015628853218137,0.36736030774842,RPL26,-2.31130532654919
ENSG00000118523,gene,2.26652144011715,0.0017078365765526,0.376748728352814,CCN2,1.18047980843519
ENSG00000173575,gene,1.44766559621435,0.00171783804863734,0.376748728352814,CHD2,0.533728385294121
ENSG00000053372,gene,1.43186835832328,0.00172936608401986,0.376748728352814,MRTO4,0.51789886164952
ENSG00000160957,gene,1.55931470002632,0.00180810466470582,0.384523592027438,RECQL4,0.640912121332432
ENSG00000129691,gene,0.370693953731854,0.00189866626437363,0.38874710333609,ASH2L,-1.43169951086654
ENSG00000131876,gene,0.432280091097453,0.00194359310805392,0.38874710333609,SNRPA1,-1.20996170125447
ENSG00000126746,gene,3.98467381186281,0.00198307988727708,0.38874710333609,ZNF384,1.99446162904164
ENSG00000167074,gene,2.7658999489916,0.00200205628677341,0.38874710333609,TEF,1.46774897076741
ENSG00000111716,gene,0.528956550637081,0.00217642100617454,0.402587195183262,LDHB,-0.918778873029787
ENSG00000198858,gene,0.612242199474494,0.0022109841547997,0.402587195183262,R3HDM4,-0.707825607235153
ENSG00000026025,gene,6.15479227746008,0.00223691677757654,0.402587195183262,VIM,2.62171016697208
ENSG00000132740,gene,23.2966937847301,0.00231110135299439,0.402587195183262,IGHMBP2,4.54205332020374
ENSG00000163171,gene,0.359543286237109,0.00233447217298921,0.402587195183262,CDC42EP3,-1.47576262441671
ENSG00000214160,gene,0.524350926226559,0.00234376781790524,0.402587195183262,ALG3,-0.931395424206562
ENSG00000163584,gene,0.0319164428901191,0.00249718360307849,0.410604747517562,RPL22L1,-4.96955631862635
ENSG00000165678,gene,0.592024733184928,0.00250273361901154,0.410604747517562,GHITM,-0.756270645894839
ENSG00000164081,gene,4.92924452866879,0.00252835435663523,0.410604747517562,TEX264,2.30136655162131
ENSG00000110492,gene,2.86060898807151,0.00260366951836455,0.414054493459183,MDK,1.51632231152964
ENSG00000163527,gene,0.138872106723959,0.00265332685518238,0.414054493459183,STT3B,-2.84817124021973
ENSG00000124181,gene,2.5449264164515,0.00272728517192666,0.414054493459183,PLCG1,1.34762394307691
ENSG00000087586,gene,0.367741255567372,0.00277423216875483,0.414054493459183,AURKA,-1.44323705850468
ENSG00000135083,gene,4.44332329681426,0.00278137814683732,0.414054493459183,CCNJL,2.15163911585656
ENSG00000153130,gene,0.158389573233711,0.00286313687439033,0.415479731938424,SCOC,-2.65845072878256
ENSG00000116761,gene,0.115832611276475,0.00288398380879784,0.415479731938424,CTH,-3.10988661096169
ENSG00000177666,gene,0.457282780992808,0.00294461064863127,0.417480354183723,PNPLA2,-1.12884149947743
ENSG00000204634,gene,1.79945741303899,0.00317364561764466,0.426354104983054,TBC1D8,0.847561959042588
ENSG00000278791,gene,3.7792066086457,0.00325499386458772,0.426354104983054,AC114498.2,1.91808339267054
ENSG00000080824,gene,0.407544163668512,0.0034270423106042,0.426354104983054,HSP90AA1,-1.29497168891005
ENSG00000117222,gene,0.0147810903707133,0.00348099700578541,0.426354104983054,RBBP5,-6.08010349171162
ENSG00000177606,gene,1.90622344451516,0.00352963729625677,0.426354104983054,JUN,0.930717239604514
ENSG00000173915,gene,0.0560650513363512,0.00361868165366719,0.426354104983054,ATP5MD,-4.15675445593592
ENSG00000181163,gene,0.396293555641872,0.00362821393156187,0.426354104983054,NPM1,-1.33535858788706
ENSG00000072274,gene,0.204160512422378,0.00364350680987924,0.426354104983054,TFRC,-2.29222423964776
ENSG00000163781,gene,2.28294180546547,0.00364534558282115,0.426354104983054,TOPBP1,1.19089408425099
ENSG00000149483,gene,3.60336460012627,0.00367248762462014,0.426354104983054,TMEM138,1.84934463571742
ENSG00000197056,gene,0.000298257876905071,0.00368461213432891,0.426354104983054,ZMYM1,-11.7111521399632
ENSG00000127324,gene,0.342914839675484,0.00373358753894415,0.426354104983054,TSPAN8,-1.54407775648439
ENSG00000009413,gene,2.86705784052346,0.0037439280696947,0.426354104983054,REV3L,1.51957101005267
ENSG00000141556,gene,0.851521073064113,0.00375191802119901,0.426354104983054,TBCD,-0.231885861367688
ENSG00000050405,gene,0.0214102140732612,0.00380252859091046,0.426354104983054,LIMA1,-5.54555696897478
ENSG00000228253,gene,4.26799535403305,0.00401825628165775,0.426354104983054,MT-ATP8,2.09355860570378
ENSG00000240498,gene,0.553661260824228,0.00403409056729631,0.426354104983054,CDKN2B-AS1,-0.852924513549979
ENSG00000196924,gene,1.6669458762619,0.00408646587686312,0.426354104983054,FLNA,0.737207262502983
ENSG00000139644,gene,0.523292296717874,0.00414005208902812,0.426354104983054,TMBIM6,-0.934311073406015
ENSG00000169976,gene,0.480049769806218,0.00416070028930449,0.426354104983054,SF3B5,-1.05874410794863
ENSG00000269981,gene,4.11904597538418,0.00419910722774031,0.426354104983054,AL627309.7,2.04231022916528
ENSG00000151835,gene,0.00489967213282127,0.00420575728653239,0.426354104983054,SACS,-7.67309907179721
ENSG00000133943,gene,188.741711788386,0.00424506437702665,0.426354104983054,DGLUCY,7.56026948256035
ENSG00000172663,gene,0.273194687627738,0.00426682792838706,0.426354104983054,TMEM134,-1.871998664728
ENSG00000106541,gene,0.241487465452377,0.0042737294609162,0.426354104983054,AGR2,-2.04997978780977
ENSG00000078369,gene,0.0210668428099406,0.00428091510328521,0.426354104983054,GNB1,-5.56888206943692
ENSG00000143774,gene,0.469577316784136,0.00430657026106362,0.426354104983054,GUK1,-1.09056537501143
ENSG00000087074,gene,3.11403075770722,0.0043437330444982,0.426354104983054,PPP1R15A,1.63878319418334
ENSG00000066322,gene,2.31574488214875,0.00446616540862055,0.427930576167862,ELOVL1,1.21147632520456
ENSG00000196230,gene,0.593698019618075,0.00448464385585579,0.427930576167862,TUBB,-0.752198794130364
ENSG00000171863,gene,0.275369111212086,0.00450352375277419,0.427930576167862,RPS7,-1.86056135676678
ENSG00000068028,gene,2.43422429423187,0.00475510336272245,0.440868694201562,RASSF1,1.28346210694545
ENSG00000204516,gene,0.526843596370604,0.00482294808665162,0.440868694201562,MICB,-0.924553361166014
ENSG00000223343,gene,8.82706135964644e-05,0.00482925326556738,0.440868694201562,AC137630.1,-13.4677072480567
ENSG00000139437,gene,1.80597401731629,0.00493232778033748,0.440868694201562,TCHP,0.852777136806266
ENSG00000169903,gene,0.367466180732978,0.00495793795813226,0.440868694201562,TM4SF4,-1.44431661537088
ENSG00000083750,gene,760.467680668009,0.00499995132486841,0.440868694201562,RRAGB,9.57074312552097
ENSG00000226742,gene,0.131422268212317,0.00500226845061924,0.440868694201562,HSBP1L1,-2.92771834801261
ENSG00000086061,gene,0.548426173209715,0.00503455069509173,0.440868694201562,DNAJA1,-0.866630670635991
ENSG00000172216,gene,0.240053203997172,0.00526057023073556,0.441974909693098,CEBPB,-2.05857390306922
ENSG00000173402,gene,1.7114091334939,0.00527555386921619,0.441974909693098,DAG1,0.77518469513021
ENSG00000165175,gene,4.40927365298482,0.00536958494748752,0.441974909693098,MID1IP1,2.1405410177912
ENSG00000166171,gene,0.191380480284385,0.00539179734508588,0.441974909693098,DPCD,-2.3854844042118
ENSG00000261512,gene,2.73999600090957,0.00545786014287053,0.441974909693098,AC092368.3,1.45417378753904
ENSG00000172340,gene,0.339153782386921,0.0054838518797039,0.441974909693098,SUCLG2,-1.55998851243966
ENSG00000189159,gene,0.433434943103821,0.00556977208735665,0.441974909693098,JPT1,-1.20611262809526
ENSG00000122565,gene,0.492687855551766,0.00560296298010909,0.441974909693098,CBX3,-1.0212541843316
ENSG00000168028,gene,0.621140292318662,0.00563766133308885,0.441974909693098,RPSA,-0.68700893888362
ENSG00000107984,gene,0.384181625506574,0.00564255076440179,0.441974909693098,DKK1,-1.38013957490646
ENSG00000169223,gene,0.321545588211624,0.00564541616642744,0.441974909693098,LMAN2,-1.6369047998715
ENSG00000169429,gene,0.091816371940417,0.00566407014011383,0.441974909693098,CXCL8,-3.44510476368153
ENSG00000177556,gene,0.627207863679195,0.005690451703393,0.441974909693098,ATOX1,-0.672984447392376
ENSG00000124145,gene,0.535787706962163,0.00579621681784959,0.442878256777452,SDC4,-0.900266614319574
ENSG00000057252,gene,0.543147620635505,0.00580124899719681,0.442878256777452,SOAT1,-0.880583737346364
ENSG00000058262,gene,1.29982629072782,0.00586690725829209,0.444095047720889,SEC61A1,0.378318833830219
ENSG00000114120,gene,0.00646831960832358,0.00592938533477505,0.445052687480763,SLC25A36,-7.27239331859764
ENSG00000103024,gene,0.368407120258082,0.00601458607273608,0.445411192935608,NME3,-1.44062715001143
ENSG00000108528,gene,1.50967847235637,0.00603389547080257,0.445411192935608,SLC25A11,0.594241320590072
ENSG00000182022,gene,22.0178758072319,0.00619847771520043,0.448430584394088,CHST15,4.46060338530664
ENSG00000142156,gene,1.55492552880863,0.00629260763696338,0.448430584394088,COL6A1,0.636845485956345
ENSG00000115307,gene,1.57447263623562,0.00643425815693965,0.448430584394088,AUP1,0.65486868417372
ENSG00000108561,gene,3.04739072623534,0.00652663462651448,0.448430584394088,C1QBP,1.60757448941158
ENSG00000155368,gene,0.127003670981529,0.00655653788492916,0.448430584394088,DBI,-2.97705789686389
ENSG00000140474,gene,14.3738458011167,0.00660528105739533,0.448430584394088,AC091230.1,3.84537420928468
ENSG00000182378,gene,0.18748129949889,0.00674581494383319,0.448430584394088,PLCXD1,-2.4151813950959
ENSG00000100290,gene,0.385702789936694,0.00679409659886132,0.448430584394088,BIK,-1.37443851331458
ENSG00000176058,gene,4.63555434567644,0.00683128828109481,0.448430584394088,TPRN,2.21274187475955
ENSG00000258429,gene,0.378093236511802,0.00688925814939167,0.448430584394088,PDF,-1.403186052857
ENSG00000175220,gene,2.2826370749725,0.00700870572928347,0.448430584394088,ARHGAP1,1.19070149830157
ENSG00000248527,gene,3.28840906139378,0.00710170623540662,0.448430584394088,MTATP6P1,1.71738977412203
ENSG00000205250,gene,0.135563179472145,0.00711590669997442,0.448430584394088,E2F4,-2.88296271587032
ENSG00000147316,gene,0.367735168461214,0.0072251034094144,0.448430584394088,MCPH1,-1.44326093918278
ENSG00000127955,gene,3808.70553807127,0.0072767027584949,0.448430584394088,GNAI1,11.895085037991
ENSG00000111897,gene,0.529170285647216,0.00731519441366435,0.448430584394088,SERINC1,-0.918196042252217
ENSG00000148411,gene,1.58089007086398,0.00734195613822664,0.448430584394088,NACC2,0.660737051609456
ENSG00000156482,gene,0.391486207805272,0.0073548885156165,0.448430584394088,RPL30,-1.35296661312185
ENSG00000104341,gene,0.431771716257897,0.00745409551460252,0.448430584394088,LAPTM4B,-1.21165935396077
ENSG00000267607,gene,0.283000491609549,0.0074877757286107,0.448430584394088,AC011511.5,-1.82112353567458
ENSG00000117525,gene,1.47459926977665,0.00754874859511712,0.448430584394088,F3,0.560322947658207
ENSG00000007968,gene,4.10588424304145,0.00758264517149709,0.448430584394088,E2F2,2.03769295420147
ENSG00000135211,gene,0.422115139623478,0.00759859481757397,0.448430584394088,TMEM60,-1.24429152082034
ENSG00000111144,gene,0.309706280718408,0.00761843086846481,0.448430584394088,LTA4H,-1.69102745430481
ENSG00000119335,gene,0.653051797617298,0.00762392954440561,0.448430584394088,SET,-0.614730669422013
ENSG00000049245,gene,0.49309832232555,0.00770030968763313,0.448430584394088,VAMP3,-1.02005275053896
ENSG00000138772,gene,0.568484401352264,0.00770371193315067,0.448430584394088,ANXA3,-0.814807331346753
ENSG00000181038,gene,0.0365038823137931,0.00774091590776549,0.448430584394088,METTL23,-4.77580628202855
ENSG00000198727,gene,5.52648803291098,0.00781921849019551,0.448430584394088,MT-CYB,2.46636296923898
ENSG00000198763,gene,6.35293898661826,0.00782174330858765,0.448430584394088,MT-ND2,2.66742416361754
ENSG00000106537,gene,0.376689196317065,0.00782670739009173,0.448430584394088,TSPAN13,-1.40855343840934
ENSG00000085832,gene,0.478076231488928,0.00783781531238359,0.448430584394088,EPS15,-1.06468741387328
ENSG00000006756,gene,1.86383825173656,0.00784725432668931,0.448430584394088,ARSD,0.898276664958547
ENSG00000160200,gene,0.327354525867398,0.0078627661569205,0.448430584394088,CBS,-1.611074169722
ENSG00000065243,gene,0.114017523857445,0.00789060714009593,0.448430584394088,PKN2,-3.13267251927529
ENSG00000225663,gene,0.215370031516537,0.00795392667247508,0.448430584394088,MCRIP1,-2.21511058033677
ENSG00000158457,gene,1.87116506856826,0.00798294757682605,0.448430584394088,TSPAN33,0.903936834420689
ENSG00000106133,gene,0.116630173435501,0.00806944244882435,0.448430584394088,NSUN5P2,-3.09998701789004
ENSG00000068438,gene,2.36167018495497,0.00808058885498608,0.448430584394088,FTSJ1,1.23980750167266
ENSG00000076604,gene,11.8953821963779,0.00821191181129755,0.448430584394088,TRAF4,3.57232972091362
ENSG00000283375,gene,0.438191822532678,0.00824132950036383,0.448430584394088,AC087521.4,-1.19036553365744
ENSG00000187605,gene,2.65032122203879,0.00832296827867818,0.448430584394088,TET3,1.40616722660316
ENSG00000153774,gene,0.31322466616493,0.00833797585605112,0.448430584394088,CFDP1,-1.67473026682861
ENSG00000119203,gene,0.706764670767968,0.00835503878863553,0.448430584394088,CPSF3,-0.500698169573013
ENSG00000063660,gene,2.90820230480662,0.00844417157792443,0.448430584394088,GPC1,1.54012763170231
ENSG00000163347,gene,0.561106944605661,0.0085138966620435,0.448430584394088,CLDN1,-0.833652326285129
ENSG00000124164,gene,0.0675277187227416,0.00855353793408664,0.448430584394088,VAPB,-3.88837636975565
ENSG00000012232,gene,0.0727033617059385,0.00860385937290542,0.448430584394088,EXTL3,-3.78183411580375
ENSG00000109475,gene,0.126505735166007,0.00870520210299996,0.448430584394088,RPL34,-2.98272530358043
ENSG00000115970,gene,3.78261204507514,0.0087449306844527,0.448430584394088,THADA,1.91938281726823
ENSG00000074695,gene,0.315403534212906,0.00882583164979134,0.448430584394088,LMAN1,-1.66472926873844
ENSG00000099246,gene,0.000899621240581762,0.00898765173160898,0.448430584394088,RAB18,-10.1183946551609
ENSG00000253930,gene,0.147107375217305,0.00899262300936887,0.448430584394088,TNFRSF10A-AS1,-2.76505851707297
ENSG00000090054,gene,0.424754086517658,0.00903871226101005,0.448430584394088,SPTLC1,-1.23530026738275
ENSG00000154518,gene,0.425173061984282,0.00909869635965554,0.448430584394088,ATP5MC3,-1.23387790105882
ENSG00000136238,gene,0.512441101727001,0.0091413488982558,0.448430584394088,RAC1,-0.964541899302252
ENSG00000106355,gene,0.219797592142198,0.00917934825915101,0.448430584394088,LSM5,-2.18575251307491
ENSG00000170142,gene,0.419188866217638,0.00930839140601336,0.448430584394088,UBE2E1,-1.25432769591732
ENSG00000001630,gene,0.586878597698795,0.00930947221704959,0.448430584394088,CYP51A1,-0.768865998046316
ENSG00000137073,gene,0.735313826953518,0.00934422022710946,0.448430584394088,UBAP2,-0.443567981048471
ENSG00000133131,gene,0.32883533874354,0.00936813846480278,0.448430584394088,MORC4,-1.60456274632252
ENSG00000138785,gene,8.18266455928422,0.0094221773024501,0.448430584394088,INTS12,3.03257071119928
ENSG00000088986,gene,0.592642498132848,0.00942881933277029,0.448430584394088,DYNLL1,-0.754766009851867
ENSG00000205609,gene,0.746603856576814,0.00945642726034479,0.448430584394088,EIF3CL,-0.421585133996347
ENSG00000100665,gene,0.275778117174907,0.00951316410793068,0.448430584394088,SERPINA4,-1.85842011046386
ENSG00000204287,gene,0.263661716413807,0.0095211377466935,0.448430584394088,HLA-DRA,-1.92323998727819
ENSG00000169957,gene,2.54838172393853,0.00968803362200066,0.448430584394088,ZNF768,1.34958139611279
ENSG00000006831,gene,0.719507270284641,0.00971121917757978,0.448430584394088,ADIPOR2,-0.474918830089121
ENSG00000143742,gene,0.000111606615414438,0.00978423166311448,0.448430584394088,SRP9,-13.1292898349743
ENSG00000198899,gene,5.80233476316757,0.0097847379137691,0.448430584394088,MT-ATP6,2.53663353359681
ENSG00000213341,gene,0.292903013430848,0.00981190120622388,0.448430584394088,CHUK,-1.77150505892725
ENSG00000085231,gene,0.244848113936925,0.00982363199060221,0.448430584394088,AK6,-2.03004101186631
ENSG00000102034,gene,2.39953392827407,0.00984571480866603,0.448430584394088,ELF4,1.26275421222339
ENSG00000175130,gene,0.692001556103823,0.00985324261797293,0.448430584394088,MARCKSL1,-0.531152812833535
ENSG00000136560,gene,0.443950119301668,0.00987761348385519,0.448430584394088,TANK,-1.17153050542618
ENSG00000248487,gene,5.54710222745389,0.00989057119322845,0.448430584394088,ABHD14A,2.47173431311096
ENSG00000160072,gene,2.93415848500653,0.00998550824840216,0.448430584394088,ATAD3B,1.55294679853614
ENSG00000207650,gene,5.55343587879282,0.0100925218769503,0.448430584394088,MIR570,2.47338063480844
ENSG00000116459,gene,0.443388051500361,0.0100947428989659,0.448430584394088,ATP5PB,-1.17335820215945
ENSG00000258317,gene,0.31018169421703,0.010098615925868,0.448430584394088,AC034102.6,-1.68881454855719
ENSG00000273841,gene,0.333142894731156,0.0101413992440221,0.448430584394088,TAF9,-1.58578697074083
ENSG00000070018,gene,0.474123569531986,0.0102610346706433,0.449484442346662,LRP6,-1.07666498108543
ENSG00000118849,gene,0.543779150338623,0.010265878441415,0.449484442346662,RARRES1,-0.878907258492925
ENSG00000285531,gene,0.119221285250532,0.0103728270635848,0.45195166503385,Z83840.2,-3.06828626358414
ENSG00000125144,gene,84.9262406905939,0.0105630249476001,0.456215041630283,MT1G,6.40813848453105
ENSG00000166016,gene,2.69321180863574,0.0106219901000312,0.456215041630283,ABTB2,1.42932769558487
ENSG00000247596,gene,0.648434169519775,0.0106239060299036,0.456215041630283,TWF2,-0.624967978587949
ENSG00000142252,gene,3.07342762747813,0.0108326929047915,0.457998090421431,GEMIN7,1.61984851314654
ENSG00000166920,gene,0.184449625024758,0.0109626196145753,0.457998090421431,C15orf48,-2.43870123876584
ENSG00000116863,gene,1.91793708444144,0.0109965347372316,0.457998090421431,ADPRHL2,0.9395553953023
ENSG00000143977,gene,0.114209748213544,0.0110482595187782,0.457998090421431,SNRPG,-3.13024229971089
ENSG00000116750,gene,0.404001313149157,0.0110614020118069,0.457998090421431,UCHL5,-1.30756811262639
ENSG00000198912,gene,2.68987023495133,0.0111708315001053,0.457998090421431,C1orf174,1.42753657579013
ENSG00000099330,gene,19.7205137859047,0.0112036253459986,0.457998090421431,OCEL1,4.3016252341651
ENSG00000276850,gene,3.03259144467927,0.0112090524753221,0.457998090421431,AC245041.2,1.6005511489884
ENSG00000114738,gene,1.59490371202221,0.0112281153238365,0.457998090421431,MAPKAPK3,0.673469327826345
ENSG00000124444,gene,4.39171370733348,0.0112687539601748,0.457998090421431,ZNF576,2.13478400915354
ENSG00000186260,gene,3.95824327964323,0.011316309162679,0.457998090421431,MRTFB,1.98486028533863
ENSG00000165502,gene,0.622052605292871,0.0113280184926806,0.457998090421431,RPL36AL,-0.684891504586131
ENSG00000182446,gene,1.55308725623799,0.0113717140235801,0.457998090421431,NPLOC4,0.635138886135731
ENSG00000198586,gene,4.36653816908521,0.0113901063099495,0.457998090421431,TLK1,2.12648995122255
ENSG00000168906,gene,1.52137360742429,0.0114495916939183,0.457998090421431,MAT2A,0.605374482707958
ENSG00000105339,gene,0.0198507557361212,0.0114858455278102,0.457998090421431,DENND3,-5.65466225666343
ENSG00000169612,gene,2.05855581957277,0.0116163130894065,0.460049978148435,RAMAC,1.04163256914934
ENSG00000216866,gene,0.278923908419734,0.0117063288712353,0.460049978148435,RPS2P55,-1.84205649225204
ENSG00000139718,gene,3.79343681786496,0.0117162665433599,0.460049978148435,SETD1B,1.9235055089067
ENSG00000100105,gene,3.00152876031989,0.0117433268045055,0.460049978148435,PATZ1,1.58569749177693
ENSG00000112081,gene,0.333616288236081,0.011804596750962,0.460369506901541,SRSF3,-1.58373836730454
ENSG00000177946,gene,2.18284380931252,0.0118545663443075,0.460369506901541,CENPBD1,1.12620890376349
ENSG00000181625,gene,0.675312635515478,0.01193414492159,0.461453603634811,SLX1B,-0.566372543408524
ENSG00000170291,gene,18.6316935364538,0.0119947779789211,0.461798952188463,ELP5,4.2196869095641
ENSG00000197329,gene,1.9947213225486,0.01208189765406,0.461911776392753,PELI1,0.996187205264522
ENSG00000005022,gene,0.733971661835139,0.0121011526940951,0.461911776392753,SLC25A5,-0.446203732253674
ENSG00000111331,gene,1.17681579295785,0.0121528512597735,0.461911776392753,OAS3,0.234888512912972
ENSG00000164251,gene,1.24448014735291,0.0122291984533203,0.462844070275664,F2RL1,0.315543215819991
ENSG00000138190,gene,0.499760908192226,0.0124278090800205,0.464768647304173,EXOC6,-1.0006900381264
ENSG00000170145,gene,2.10750297512598,0.0124656963395661,0.464768647304173,SIK2,1.07553466779676
ENSG00000069329,gene,0.588536576821767,0.0125474123238917,0.464768647304173,VPS35,-0.764796015121398
ENSG00000227057,gene,2.16888856083427,0.012566093456573,0.464768647304173,WDR46,1.11695592813144
ENSG00000184216,gene,1.47640070102229,0.0126073717787445,0.464768647304173,IRAK1,0.562084327714541
ENSG00000120860,gene,3.81853761039147,0.0126437678119865,0.464768647304173,WASHC3,1.93302023350256
ENSG00000146830,gene,10.9865945219837,0.0127409361812918,0.464768647304173,GIGYF1,3.45767236310257
ENSG00000149927,gene,0.147728274917771,0.0128610502402704,0.464768647304173,DOC2A,-2.75898211320148
ENSG00000070081,gene,0.0430690220670788,0.0129269686297708,0.464768647304173,NUCB2,-4.53720562391479
ENSG00000100099,gene,7.9890331952093,0.0129981618822053,0.464768647304173,HPS4,2.99802092382023
ENSG00000099381,gene,2.57187901087485,0.0130466638235761,0.464768647304173,SETD1A,1.3628227754355
ENSG00000112159,gene,1.43364973428221,0.0130810439394164,0.464768647304173,MDN1,0.519692591446314
ENSG00000065485,gene,0.354187680679559,0.0131585102684086,0.464768647304173,PDIA5,-1.49741406159932
ENSG00000184897,gene,0.386911975353836,0.0132009557300186,0.464768647304173,H1-10,-1.36992271240703
ENSG00000133030,gene,1.8932966981279,0.0132556972382916,0.464768647304173,MPRIP,0.920900513195128
ENSG00000100263,gene,2.00777894950186,0.013374405024448,0.464768647304173,RHBDD3,1.00560044159334
ENSG00000013375,gene,0.0119582305508017,0.0134018480216456,0.464768647304173,PGM3,-6.38585225880394
ENSG00000177951,gene,2.68270120534849,0.0134650002656527,0.464768647304173,BET1L,1.42368637865099
ENSG00000204104,gene,1.54345074057108,0.013526022518674,0.464768647304173,TRAF3IP1,0.626159439889961
ENSG00000268858,gene,1.92682583455615,0.0135521651170661,0.464768647304173,AL118506.1,0.946226172579245
ENSG00000204498,gene,4.62915572621918,0.0135636365988123,0.464768647304173,NFKBIL1,2.21074909615005
ENSG00000198960,gene,35.7808990644971,0.0135737747532081,0.464768647304173,ARMCX6,5.16111773324408
ENSG00000004700,gene,2.80106010615328,0.0135772486313055,0.464768647304173,RECQL,1.48597294161266
ENSG00000084774,gene,1.9199943417367,0.0135777821480392,0.464768647304173,CAD,0.941102059300377
ENSG00000080603,gene,2.55269090655297,0.0136134104175328,0.464768647304173,SRCAP,1.35201885910039
ENSG00000170144,gene,0.681368187108936,0.0136329361390163,0.464768647304173,HNRNPA3,-0.553493504910691
ENSG00000163444,gene,0.598263715766377,0.013928090521248,0.470770204268522,TMEM183A,-0.74114652758442
ENSG00000109814,gene,1.80158877283108,0.0140348590870887,0.470770204268522,UGDH,0.849269741949411
ENSG00000198380,gene,0.609109225423574,0.0140506118366844,0.470770204268522,GFPT1,-0.715227139584064
ENSG00000084207,gene,0.736756159371652,0.0140614300818132,0.470770204268522,GSTP1,-0.440740878380581
ENSG00000081320,gene,0.476903941989552,0.0140725083452413,0.470770204268522,STK17B,-1.06822938708637
ENSG00000137876,gene,0.186534331237713,0.0143190925503441,0.47228200549986,RSL24D1,-2.42248691508665
ENSG00000279009,gene,1.70937556575713,0.0143776260963486,0.47228200549986,AC005943.2,0.773469405398355
ENSG00000170860,gene,0.151778486608484,0.0144070748769327,0.47228200549986,LSM3,-2.71996078017345
ENSG00000264577,gene,2.33966401853253,0.0144205066353126,0.47228200549986,AC010761.1,1.22630137015112
ENSG00000237773,gene,6.19210932497823e-05,0.0144540402669271,0.47228200549986,AC073332.1,-13.9792095311826
ENSG00000102265,gene,1.38700921621565,0.0144944156056841,0.47228200549986,TIMP1,0.471977373922828
ENSG00000115112,gene,1.9206562889917,0.0145504019501477,0.47228200549986,TFCP2L1,0.941599364639179
ENSG00000130958,gene,0.00203189230097982,0.0146200858330393,0.47228200549986,SLC35D2,-8.94296034955992
ENSG00000117592,gene,0.597148237056498,0.0146334575187538,0.47228200549986,PRDX6,-0.743838981957579
ENSG00000164611,gene,0.362277411486082,0.014839079284533,0.47228200549986,PTTG1,-1.46483324038778
ENSG00000008282,gene,0.59794681229755,0.0148655170308831,0.47228200549986,SYPL1,-0.741910933285404
ENSG00000155229,gene,0.714116989026481,0.0149589018149818,0.47228200549986,MMS19,-0.485767654158789
ENSG00000260350,gene,4.29422687919585,0.0150600432879489,0.47228200549986,AC012173.1,2.10239841589252
ENSG00000176386,gene,0.521872533435888,0.0151022734149096,0.47228200549986,CDC26,-0.938230621111699
ENSG00000233033,gene,0.279236103845145,0.0151209543170971,0.47228200549986,CASK-AS1,-1.84044260795686
ENSG00000169955,gene,13.5899208679607,0.0151373673348874,0.47228200549986,ZNF747,3.76446515042365
ENSG00000115128,gene,0.10907542351992,0.0151612964927528,0.47228200549986,SF3B6,-3.1966020194411
ENSG00000114019,gene,7.94779495746679,0.0152326730075611,0.47228200549986,AMOTL2,2.99055465345552
ENSG00000263218,gene,0.127349813343149,0.0152329975608952,0.47228200549986,AC127496.6,-2.97313124983443
ENSG00000105127,gene,1.66411595876054,0.0152963055919348,0.47228200549986,AKAP8,0.734755966712172
ENSG00000007384,gene,3.79048717847077,0.0153392630072346,0.47228200549986,RHBDF1,1.92238328501759
ENSG00000210154,gene,7.78772097184028,0.0153535997673918,0.47228200549986,MT-TD,2.96120119431068
ENSG00000212994,gene,0.180362790428523,0.015380085828917,0.47228200549986,RPS26P6,-2.47102635940535
ENSG00000079785,gene,0.579241350898426,0.0153867066279063,0.47228200549986,DDX1,-0.787763497634309
ENSG00000140521,gene,0.457076868469852,0.0155595514917597,0.474771554067894,POLG,-1.12949128532684
ENSG00000176953,gene,0.310074190287045,0.015670657508329,0.474771554067894,NFATC2IP,-1.68931464986084
ENSG00000188725,gene,0.553174639084999,0.0157294439722631,0.474771554067894,SMIM15,-0.85419307886353
ENSG00000183111,gene,3.20509513857374,0.0158807446777505,0.474771554067894,ARHGEF37,1.68036718177737
ENSG00000171320,gene,0.542299733949172,0.0158809580022627,0.474771554067894,ESCO2,-0.882837632316472
ENSG00000163682,gene,0.365559626779283,0.0159525609445156,0.474771554067894,RPL9,-1.45182135015226
ENSG00000050327,gene,3.63360940117811,0.0159637252385045,0.474771554067894,ARHGEF5,1.86140334382353
ENSG00000198648,gene,0.401282357195831,0.0159695574539016,0.474771554067894,STK39,-1.31731036699176
ENSG00000166598,gene,0.456394624706399,0.0159719666704681,0.474771554067894,HSP90B1,-1.13164629483634
ENSG00000277258,gene,8.82066121508124,0.0160112378584483,0.474771554067894,PCGF2,3.14088680725257
ENSG00000162073,gene,0.625996959674854,0.016052508881382,0.474771554067894,PAQR4,-0.675772444554807
ENSG00000124766,gene,0.560695419097249,0.0161885128019746,0.476573427903027,SOX4,-0.834710811907959
ENSG00000167778,gene,4.21164715237729,0.0162201435381236,0.476573427903027,SPRYD3,2.07438457386629
ENSG00000022277,gene,10.0059524994384,0.0164355929525515,0.480900194568915,RTF2,3.32278660354115
ENSG00000154920,gene,6.97582501821933,0.0164984699188053,0.480900194568915,EME1,2.80236385196785
ENSG00000167625,gene,1.62160529124119,0.0165289251827874,0.480900194568915,ZNF526,0.697422701388447
ENSG00000198258,gene,0.312069438870577,0.016694235120844,0.481543023200274,UBL5,-1.6800610146206
ENSG00000163931,gene,0.682817899490408,0.016709406209978,0.481543023200274,TKT,-0.550427217002712
ENSG00000149600,gene,4.07613646221937,0.016764618027425,0.481543023200274,COMMD7,2.02720235132503
ENSG00000109736,gene,1.61758413155498,0.0167694512072147,0.481543023200274,MFSD10,0.693840749633968
ENSG00000198198,gene,881.087193145622,0.0169430297297722,0.481543023200274,SZT2,9.78314098632596
ENSG00000180233,gene,0.45250098880608,0.0170552574960341,0.481543023200274,ZNRF2,-1.14400715010794
ENSG00000136108,gene,0.661358499994545,0.0171578755136386,0.481543023200274,CKAP2,-0.596495575107497
ENSG00000111203,gene,1.64577308943491,0.0171620923042852,0.481543023200274,ITFG2,0.71876543824224
ENSG00000167972,gene,4.19691289055186,0.0171788884447668,0.481543023200274,ABCA3,2.06932851953237
ENSG00000133789,gene,0.442233428481413,0.0172207118279288,0.481543023200274,SWAP70,-1.17712001210869
ENSG00000247595,gene,4.22804212471905,0.0172672476354045,0.481543023200274,SPTY2D1OS,2.07998975061381
ENSG00000100567,gene,0.290093953460033,0.0172956363226018,0.481543023200274,PSMA3,-1.78540786968629
ENSG00000229117,gene,0.540323662456002,0.0174102200828883,0.481543023200274,RPL41,-0.888104231429475
ENSG00000115415,gene,0.129546184332472,0.0174502858550052,0.481543023200274,STAT1,-2.9484615720416
ENSG00000212802,gene,0.310297051808906,0.0174530554479377,0.481543023200274,RPL15P3,-1.6882781052746
ENSG00000267469,gene,1.28951439095853,0.0174551523119483,0.481543023200274,AC005944.1,0.366827873668927
ENSG00000163714,gene,2.89122085052444,0.0174675256960243,0.481543023200274,U2SURP,1.5316788155901
ENSG00000204231,gene,2.52056273388993,0.0177166014258325,0.48690671980165,RXRB,1.33374586180437
ENSG00000185453,gene,2.99481077700317,0.0178598320529018,0.489337484345149,ZSWIM9,1.58246485119327
ENSG00000171634,gene,9.87781358708833,0.0181975022737791,0.496993507026326,BPTF,3.30419174260572
ENSG00000175166,gene,0.623081844674899,0.0182505452647375,0.496993507026326,PSMD2,-0.682506414541315
ENSG00000130803,gene,6.98831291767443,0.0183694922752988,0.498210007643457,ZNF317,2.80494420966705
ENSG00000196812,gene,2.66152922630147,0.0184273343962709,0.498210007643457,ZSCAN16,1.41225540861121
ENSG00000101335,gene,4.78433342406671,0.0186126268027593,0.498210007643457,MYL9,2.25831793562413
ENSG00000178209,gene,1.69997491075499,0.0187143196913441,0.498210007643457,PLEC,0.76551345436506
ENSG00000147955,gene,1.86945178572183,0.0187651468189738,0.498210007643457,SIGMAR1,0.902615263709058
ENSG00000141013,gene,2.92662525062297,0.0188028123944217,0.498210007643457,GAS8,1.54923802293118
ENSG00000137411,gene,0.507550725108784,0.0188080260393327,0.498210007643457,VARS2,-0.978376081050856
ENSG00000224739,gene,0.0843949558725794,0.0188585705443374,0.498210007643457,AC016735.1,-3.56669941542854
ENSG00000167632,gene,0.445259026509793,0.0189476845791737,0.498210007643457,TRAPPC9,-1.16728323624118
ENSG00000124160,gene,2.58322358222019,0.0189858345251648,0.498210007643457,NCOA5,1.3691725164721
ENSG00000222047,gene,0.869370537984439,0.019010117129327,0.498210007643457,C10orf55,-0.201956889798112
ENSG00000204525,gene,0.226182179928526,0.0190329826715685,0.498210007643457,HLA-C,-2.14444282577835
ENSG00000121895,gene,0.566568760215289,0.0190501947196986,0.498210007643457,TMEM156,-0.819677039103211
ENSG00000138802,gene,31.2622824792967,0.019076110906187,0.498210007643457,SEC24B,4.96635120916065
ENSG00000139645,gene,1.62843312521364,0.0192002001871521,0.498688810200738,ANKRD52,0.703484473861118
ENSG00000109686,gene,0.282016281735015,0.0192390501009643,0.498688810200738,SH3D19,-1.82614963829066
ENSG00000109511,gene,0.321535013934549,0.0193044822163593,0.498688810200738,ANXA10,-1.63695224480157
ENSG00000204852,gene,20.4888425125197,0.0194546383514035,0.498688810200738,TCTN1,4.356766578572
ENSG00000243449,gene,0.0104184079055966,0.0194606430367372,0.498688810200738,C4orf48,-6.58472136150504
ENSG00000131759,gene,3.37717640031491,0.0194722898691104,0.498688810200738,RARA,1.75581753771464
ENSG00000135390,gene,2.29919579076805,0.0195785647238935,0.498688810200738,ATP5MC2,1.20112932570937
ENSG00000196700,gene,1.76161125789309,0.0197029087844698,0.498688810200738,ZNF512B,0.816895593846114
ENSG00000131941,gene,0.887285513967684,0.0197355146015847,0.498688810200738,RHPN2,-0.17252967998302
ENSG00000143198,gene,0.265967400267596,0.0199186297450703,0.498688810200738,MGST3,-1.91067867004243
ENSG00000073417,gene,0.22328063010688,0.0199272455742725,0.498688810200738,PDE8A,-2.16306999402182
ENSG00000115484,gene,0.503190390785521,0.0199539057207279,0.498688810200738,CCT4,-0.990823722945288
ENSG00000196405,gene,0.00100817800140699,0.0200089782819162,0.498688810200738,EVL,-9.95403390467776
ENSG00000176619,gene,1.52831173754277,0.0200494776046098,0.498688810200738,LMNB2,0.611938847258335
ENSG00000115216,gene,1.8333764134897,0.0201154438722146,0.498688810200738,NRBP1,0.874503018351272
ENSG00000094916,gene,0.717362660239952,0.0201545907576273,0.498688810200738,CBX5,-0.479225441993134
ENSG00000101412,gene,1.64828831151519,0.0202196478305203,0.498688810200738,E2F1,0.720968614616619
ENSG00000203667,gene,0.526032911591857,0.0202336606116003,0.498688810200738,COX20,-0.926775029390743
ENSG00000168701,gene,0.4644988721208,0.0202571064153836,0.498688810200738,TMEM208,-1.1062530013746
ENSG00000115268,gene,2.22785161395833,0.0202686960443105,0.498688810200738,RPS15,1.15565314518443
ENSG00000067606,gene,0.751030342514438,0.0202899275034261,0.498688810200738,PRKCZ,-0.413056899383747
ENSG00000104671,gene,0.272117310349552,0.0203227414815348,0.498688810200738,DCTN6,-1.87769936041991
ENSG00000126247,gene,27.8625158107073,0.0204384843185385,0.499397399782489,CAPNS1,4.80025362503628
ENSG00000174238,gene,2.66667691856375,0.0204634402508275,0.499397399782489,PITPNA,1.41504304565359
ENSG00000198712,gene,4.83558146466016,0.0205495912398933,0.500133375898439,MT-CO2,2.27368938003168
ENSG00000131174,gene,0.0990713051481747,0.0207280651365326,0.501391995636031,COX7B,-3.33538893170768
ENSG00000169627,gene,0.568452968817863,0.0208221809737611,0.501391995636031,BOLA2B,-0.814887102779558
ENSG00000198900,gene,0.464160433735637,0.0208402747762457,0.501391995636031,TOP1,-1.10730454610895
ENSG00000125971,gene,1.51071741574018,0.0208421620620725,0.501391995636031,DYNLRB1,0.595233825269749
ENSG00000096433,gene,1.59387471190318,0.0209196157600557,0.501391995636031,ITPR3,0.672538229315905
ENSG00000143878,gene,1.78604733910459,0.0209638692044072,0.501391995636031,RHOB,0.83677031953323
ENSG00000132781,gene,47.4776364751966,0.0210455217672382,0.501391995636031,MUTYH,5.5691762116198
ENSG00000168439,gene,0.69672444628842,0.0210503804706126,0.501391995636031,STIP1,-0.521339910208489
ENSG00000146112,gene,1.63425690446821,0.0212327545188474,0.501723009761026,PPP1R18,0.708634792338508
ENSG00000157911,gene,0.200799176048193,0.0212530360517105,0.501723009761026,PEX10,-2.31617474548725
ENSG00000090339,gene,0.216376734713591,0.0212702190048719,0.501723009761026,ICAM1,-2.20838270902086
ENSG00000143164,gene,0.177881149390333,0.0212889633564072,0.501723009761026,DCAF6,-2.49101446298965
ENSG00000169221,gene,2.35012667262158,0.0213605903310264,0.502086296938758,TBC1D10B,1.23273852063612
ENSG00000214753,gene,1.19425063887819,0.0214263954681275,0.502311192444396,HNRNPUL2,0.256105648595775
ENSG00000164252,gene,0.379192482776319,0.0218011643074472,0.508551830056665,AGGF1,-1.39899773077994
ENSG00000012779,gene,2.76661539396517,0.0218064656193129,0.508551830056665,ALOX5,1.46812209903083
ENSG00000164050,gene,393.429826090775,0.0219967434963875,0.509144335574614,PLXNB1,8.61996252289231
ENSG00000106105,gene,0.416905255942854,0.0220762507275563,0.509144335574614,GARS1,-1.26220853450673
ENSG00000157483,gene,0.561484285400781,0.0220767100936501,0.509144335574614,MYO1E,-0.832682449272384
ENSG00000224985,gene,11.3715051306076,0.0221075561330337,0.509144335574614,AL590714.1,3.50735131664181
ENSG00000284753,gene,0.758372658915173,0.0221768020767846,0.509144335574614,EEF1AKMT4,-0.399021142199876
ENSG00000198886,gene,3.5893790423479,0.0221979523627183,0.509144335574614,MT-ND4,1.84373428137104
ENSG00000102753,gene,0.675499964216958,0.0222308879169391,0.509144335574614,KPNA3,-0.565972401759821
ENSG00000131389,gene,0.00406199335552011,0.0224339434329195,0.512480774278355,SLC6A6,-7.94359640494088
ENSG00000170917,gene,10.5416845041115,0.0225634047713961,0.512948754800341,NUDT6,3.3980335151404
ENSG00000100387,gene,0.353180348632997,0.0227195293547646,0.512948754800341,RBX1,-1.50152302290451
ENSG00000254996,gene,8.71566703760458,0.0227771759212846,0.512948754800341,ANKHD1-EIF4EBP3,3.12361108259745
ENSG00000175110,gene,3.86147992522928,0.0227816172089634,0.512948754800341,MRPS22,1.94915387122352
ENSG00000105229,gene,1.86380889453136,0.0228892422636027,0.512948754800341,PIAS4,0.898253940975989
ENSG00000100632,gene,0.406135041260716,0.0229194603433245,0.512948754800341,ERH,-1.29996858677777
ENSG00000039068,gene,0.283197800194938,0.0230226440153103,0.512948754800341,CDH1,-1.82011803589364
ENSG00000138326,gene,0.499122271543409,0.0230320678314812,0.512948754800341,RPS24,-1.00253481451349
ENSG00000179023,gene,1.71354473213884,0.0230892417384003,0.512948754800341,KLHDC7A,0.77698385394785
ENSG00000164889,gene,1.89584860971308,0.0232661299021737,0.512948754800341,SLC4A2,0.922843764480711
ENSG00000116062,gene,0.0906914818801192,0.0232753850205973,0.512948754800341,MSH6,-3.46288913655578
ENSG00000065135,gene,0.438379903621247,0.0233067908153063,0.512948754800341,GNAI3,-1.18974643164939
ENSG00000065518,gene,0.31118489423906,0.0233514206510212,0.512948754800341,NDUFB4,-1.68415606520379
ENSG00000138061,gene,3.41244367571389,0.023399488767251,0.512948754800341,CYP1B1,1.77080523374271
ENSG00000198804,gene,3.6486266099388,0.0234102234807612,0.512948754800341,MT-CO1,1.86735351717272
ENSG00000012171,gene,8.78462656746556,0.0234542768738458,0.512948754800341,SEMA3B,3.13498095888972
ENSG00000137166,gene,7.22123174881816,0.0234584151010783,0.512948754800341,FOXP4,2.85224494325447
ENSG00000143321,gene,0.807891662706653,0.0234881371152418,0.512948754800341,HDGF,-0.307766252597237
ENSG00000108587,gene,1.28616170709054,0.0237968767501517,0.517058461436253,GOSR1,0.363072041850258
ENSG00000277443,gene,0.302618339811193,0.0238220345034144,0.517058461436253,MARCKS,-1.7244286719299
ENSG00000016391,gene,1.96232989949204,0.0238499872494107,0.517058461436253,CHDH,0.972567602388921
ENSG00000153879,gene,0.416806825815172,0.0239847337012244,0.518720681402752,CEBPG,-1.26254919085764
ENSG00000168924,gene,2.33504019326721,0.0241574402331992,0.521193855466027,LETM1,1.22344738339456
ENSG00000198417,gene,10.9161755432613,0.0242389606202957,0.521692521109594,MT1F,3.44839559480959
ENSG00000164543,gene,0.219008528272591,0.024315447143424,0.52208070645448,STK17A,-2.19094104489189
ENSG00000166123,gene,0.709499873362338,0.0244891280795918,0.524249214455725,GPT2,-0.495125668106178
ENSG00000112245,gene,0.671946300615862,0.0245398278112111,0.524249214455725,PTP4A1,-0.573582151958831
ENSG00000276057,gene,0.103794338300826,0.0246183278402645,0.524249214455725,AC004542.4,-3.26820034414042
ENSG00000239264,gene,0.73863437732247,0.0246512169806767,0.524249214455725,TXNDC5,-0.437067685256796
ENSG00000156675,gene,0.722059027983084,0.024921750847916,0.527027648418523,RAB11FIP1,-0.469811313318538
ENSG00000136518,gene,0.557789061944943,0.0250786038304875,0.527027648418523,ACTL6A,-0.842208451006094
ENSG00000125834,gene,1.65662271574858,0.0252662695821639,0.527027648418523,STK35,0.728245076249896
ENSG00000144233,gene,2.3715511677052,0.0254047632548833,0.527027648418523,AMMECR1L,1.2458309958044
ENSG00000066027,gene,0.383833655439528,0.0254106769239624,0.527027648418523,PPP2R5A,-1.38144687890656
ENSG00000135002,gene,0.19197226736081,0.0254935838808641,0.527027648418523,RFK,-2.38103018305983
ENSG00000138942,gene,0.00165133007843457,0.0255792397114739,0.527027648418523,RNF185,-9.2421557604592
ENSG00000169660,gene,4.67558932325152,0.0257483586435352,0.527027648418523,HEXD,2.22514821743849
ENSG00000112290,gene,44.4381631102429,0.0258119114201625,0.527027648418523,WASF1,5.47372727780442
ENSG00000205323,gene,0.181994552252913,0.0258247214939906,0.527027648418523,SARNP,-2.45803282883337
ENSG00000096384,gene,0.62362822527377,0.0258672671332771,0.527027648418523,HSP90AB1,-0.68124186931962
ENSG00000198937,gene,0.343466888556455,0.025873220667173,0.527027648418523,CCDC167,-1.54175707013194
ENSG00000254692,gene,5291.4107315725,0.0258783134534841,0.527027648418523,AL136295.1,12.3694366920887
ENSG00000142541,gene,0.590076884984399,0.0258882303861799,0.527027648418523,RPL13A,-0.761025149973821
ENSG00000101842,gene,0.526297201530262,0.0260261856031407,0.527027648418523,VSIG1,-0.926050371250191
ENSG00000254999,gene,0.490294593082566,0.0260978574103841,0.527027648418523,BRK1,-1.02827924306589
ENSG00000136810,gene,0.291426325126948,0.0261429111136644,0.527027648418523,TXN,-1.77879689004952
ENSG00000238123,gene,0.115427473936734,0.026219136140028,0.527027648418523,MID1IP1-AS1,-3.11494144113981
ENSG00000060339,gene,0.224968257697871,0.0262692892862193,0.527027648418523,CCAR1,-2.15220663874479
ENSG00000171135,gene,1.83354380344331,0.0264072982036931,0.527027648418523,JAGN1,0.874634732510206
ENSG00000130294,gene,1.41045317468004,0.0265119242178076,0.527027648418523,KIF1A,0.496158771008035
ENSG00000196550,gene,0.0179336696880879,0.0265190350511063,0.527027648418523,FAM72A,-5.80118545900846
ENSG00000140740,gene,0.489486437749626,0.0265222590882013,0.527027648418523,UQCRC2,-1.03065920740245
ENSG00000100345,gene,0.925286707322502,0.0265689502359459,0.527027648418523,MYH9,-0.11202762964511
ENSG00000117640,gene,143.892723321009,0.0265827962866612,0.527027648418523,MTFR1L,7.16884982636903
ENSG00000156026,gene,0.412077054109567,0.0266084533182837,0.527027648418523,MCU,-1.27901396333396
ENSG00000122406,gene,0.491248278336787,0.0266703713959929,0.527027648418523,RPL5,-1.02547574367761
ENSG00000081760,gene,1.70234655181174,0.0267456638877492,0.527027648418523,AACS,0.76752476069409
ENSG00000052802,gene,0.430748067641938,0.0268087758585822,0.527027648418523,MSMO1,-1.21508377042703
ENSG00000163597,gene,4.90216179256205,0.0268423287644097,0.527027648418523,SNHG16,2.29341810017272
ENSG00000126003,gene,2.75725159100861,0.0269589012410461,0.527027648418523,PLAGL2,1.46323091498685
ENSG00000172590,gene,0.378869169414949,0.0270459938987058,0.527027648418523,MRPL52,-1.40022834997836
ENSG00000265681,gene,0.525032456938398,0.0271080721884487,0.527027648418523,RPL17,-0.929521483505384
ENSG00000287782,gene,2.21575697587833,0.0272046281679346,0.527027648418523,AL359632.1,1.14779965533933
ENSG00000260304,gene,0.584713301001233,0.0272091567586326,0.527027648418523,AC009088.2,-0.774198684910822
ENSG00000170348,gene,0.638008632351374,0.0272303505749816,0.527027648418523,TMED10,-0.648352150887395
ENSG00000064547,gene,2.10754662960497,0.0272709878044504,0.527027648418523,LPAR2,1.07556455124121
ENSG00000092820,gene,0.597788318660242,0.0273584419415047,0.527027648418523,EZR,-0.742293389198884
ENSG00000177700,gene,0.379111671750454,0.0274571900011301,0.527027648418523,POLR2L,-1.39930522129285
ENSG00000072401,gene,0.411337422858319,0.0274689854651993,0.527027648418523,UBE2D1,-1.28160576285922
ENSG00000104980,gene,0.396830264342668,0.0274915560759245,0.527027648418523,TIMM44,-1.33340603752929
ENSG00000151694,gene,0.263840083086601,0.0275350410123762,0.527027648418523,ADAM17,-1.92226433667624
ENSG00000269621,gene,0.116442460569609,0.0275491501339311,0.527027648418523,AL589765.7,-3.102310864106
ENSG00000004142,gene,1.35157158720375,0.0275614446620526,0.527027648418523,POLDIP2,0.434637927535708
ENSG00000184110,gene,0.673219455692705,0.0277917659058242,0.527027648418523,EIF3C,-0.570851224479461
ENSG00000104824,gene,1.49876000314235,0.0278563342518856,0.527027648418523,HNRNPL,0.583769382620787
ENSG00000103769,gene,25.2795912669726,0.0278972913742404,0.527027648418523,RAB11A,4.65990123237869
ENSG00000146007,gene,0.37628746110222,0.0279778096432322,0.527027648418523,ZMAT2,-1.41009287911176
ENSG00000240972,gene,0.611033038206932,0.0281301736258284,0.527027648418523,MIF,-0.710677707038622
ENSG00000139192,gene,5.41382653897531,0.0282252421749475,0.527027648418523,TAPBPL,2.43664866380534
ENSG00000148840,gene,2.34273209899358,0.0283064744632491,0.527027648418523,PPRC1,1.22819198554912
ENSG00000232581,gene,0.132822753232165,0.0283430813023258,0.527027648418523,AC079742.1,-2.9124257858274
ENSG00000164430,gene,0.422716271021631,0.0284105195539763,0.527027648418523,CGAS,-1.24223844982305
ENSG00000172965,gene,0.0568977883419295,0.0284253962346399,0.527027648418523,MIR4435-2HG,-4.13548361474977
ENSG00000143155,gene,0.242001447084006,0.0284786544711761,0.527027648418523,TIPRL,-2.04691242054998
ENSG00000161692,gene,12.1614234699969,0.0285837282735111,0.527027648418523,DBF4B,3.60424019808612
ENSG00000263424,gene,608.620749816044,0.0286628669054629,0.527027648418523,AC110597.3,9.24939971052569
ENSG00000177548,gene,6.72300647476154,0.0286829793396923,0.527027648418523,RABEP2,2.7491065389941
ENSG00000057935,gene,59.271245612551,0.0287020051010958,0.527027648418523,MTA3,5.88926047161285
ENSG00000157800,gene,0.482223056560135,0.0287092088597715,0.527027648418523,SLC37A3,-1.05222746263266
ENSG00000136193,gene,0.488029960667656,0.0287749097441654,0.527027648418523,SCRN1,-1.03495837582905
ENSG00000189046,gene,0.194735946383916,0.0287825066104901,0.527027648418523,ALKBH2,-2.36040887860973
ENSG00000055483,gene,3.66416245003937,0.0287886534503554,0.527027648418523,AC022966.1,1.87348346650004
ENSG00000234171,gene,0.239884233094097,0.0287944236595186,0.527027648418523,RNASEH1-AS1,-2.05958975836682
ENSG00000164346,gene,0.411651099005687,0.0288547840969613,0.527027648418523,NSA2,-1.2805060171589
ENSG00000177425,gene,0.0161739137274544,0.0288734842570255,0.527027648418523,PAWR,-5.95018736860116
ENSG00000132698,gene,0.685029753654372,0.0288861730166867,0.527027648418523,RAB25,-0.545761443285171
ENSG00000170260,gene,5.55408339889109,0.0289585290708254,0.527027648418523,ZNF212,2.47354884050988
ENSG00000031003,gene,2.28866152120566,0.0289658541377952,0.527027648418523,FAM13B,1.19450411305257
ENSG00000105887,gene,0.474757885178905,0.028994084956478,0.527027648418523,MTPN,-1.074736132819
ENSG00000167995,gene,60.805791328677,0.0290464894609097,0.527027648418523,BEST1,5.92613683176784
ENSG00000162545,gene,0.31848977809954,0.0291282332550233,0.527027648418523,CAMK2N1,-1.65068102482887
ENSG00000075089,gene,0.117681969775854,0.0291502150583635,0.527027648418523,ACTR6,-3.08703479496586
ENSG00000131652,gene,2.07143685950863,0.029201110114818,0.527027648418523,THOC6,1.05063184548628
ENSG00000114650,gene,1.34876169757677,0.0292071972645733,0.527027648418523,SCAP,0.431635472011949
ENSG00000125648,gene,1.72649334394921,0.0293565879716027,0.527852547943836,SLC25A23,0.787844772262554
ENSG00000132361,gene,2.01408421389243,0.0294659831723154,0.527852547943836,CLUH,1.01012400728956
ENSG00000108852,gene,0.486822166171706,0.0294727349443369,0.527852547943836,MPP2,-1.03853323600182
ENSG00000142871,gene,1.6838708589711,0.0295492481664525,0.527852547943836,CCN1,0.751781498103736
ENSG00000163930,gene,3.08332121727987,0.0295511667579684,0.527852547943836,BAP1,1.62448519578198
ENSG00000225335,gene,0.652706522305023,0.0296310573267385,0.527852547943836,AC016027.1,-0.615493639084577
ENSG00000176171,gene,0.245289514002299,0.0297310946268174,0.527852547943836,BNIP3,-2.02744253412775
ENSG00000155189,gene,29.4191085256985,0.029762977280126,0.527852547943836,AGPAT5,4.87868162478942
ENSG00000189043,gene,0.197941635661791,0.0297847832695581,0.527852547943836,NDUFA4,-2.33685298960175
ENSG00000117472,gene,0.225273688992127,0.0302043439485415,0.534090572986724,TSPAN1,-2.15024927211386
ENSG00000212907,gene,4.52004477993224,0.0302563625091001,0.534090572986724,MT-ND4L,2.17633706544271
ENSG00000141736,gene,1.37739206008267,0.0303940292923675,0.535108101058433,ERBB2,0.461939265812777
ENSG00000197183,gene,1.59634126679001,0.0304338239294317,0.535108101058433,NOL4L,0.674769104740105
ENSG00000072518,gene,5.35616313298324,0.0305258452244842,0.535671610108238,MARK2,2.42119990158116
ENSG00000129636,gene,0.400547556368481,0.0306357205691271,0.536545600242046,ITFG1,-1.3199545532175
ENSG00000213741,gene,0.0944429406750441,0.0307335053924591,0.537204833983258,RPS29,-3.40441322623387
ENSG00000172057,gene,1.59754613805775,0.0312944848484376,0.54524477079571,ORMDL3,0.675857597642324
ENSG00000188064,gene,1.44755660964972,0.0313443020552198,0.54524477079571,WNT7B,0.533619768845917
ENSG00000171298,gene,1.99293618659703,0.0314118390266492,0.54524477079571,GAA,0.994895516120815
ENSG00000165905,gene,3.09273959638266,0.0315568290219093,0.54524477079571,LARGE2,1.62888536597717
ENSG00000117528,gene,0.541298794079051,0.0315776849263146,0.54524477079571,ABCD3,-0.88550292090854
ENSG00000166889,gene,1.92847449831488,0.0316722008297148,0.54524477079571,PATL1,0.947460068238949
ENSG00000113328,gene,0.543188129451295,0.0318077673961934,0.54524477079571,CCNG1,-0.880476142861556
ENSG00000115762,gene,42.2787426435627,0.031878161819318,0.54524477079571,PLEKHB2,5.40186056695162
ENSG00000162522,gene,1.70421109719633,0.0319462312152713,0.54524477079571,KIAA1522,0.769104050361626
ENSG00000116586,gene,0.302460520168513,0.0319917957118052,0.54524477079571,LAMTOR2,-1.72518125357196
ENSG00000100596,gene,0.683054359081944,0.0320453898259216,0.54524477079571,SPTLC2,-0.549927698718558
ENSG00000268104,gene,0.19459753484173,0.0320567031792203,0.54524477079571,SLC6A14,-2.36143466068888
ENSG00000136824,gene,0.2883151477476,0.0321063889179145,0.54524477079571,SMC2,-1.79428145851846
ENSG00000286883,gene,0.205657578331834,0.0321134232034935,0.54524477079571,AC005041.5,-2.28168385980904
ENSG00000204227,gene,4.54371409220057,0.0321812801921282,0.54524477079571,RING1,2.18387205783083
ENSG00000259956,gene,1.42370360420187,0.032275558743303,0.54524477079571,RBM15B,0.509648828006431
ENSG00000075702,gene,4.00947874061282,0.0324416243230812,0.54524477079571,WDR62,2.0034146887464
ENSG00000100296,gene,0.069970322327361,0.0324511772715262,0.54524477079571,THOC5,-3.83711305214501
ENSG00000164934,gene,0.135385413382424,0.0324746508691313,0.54524477079571,DCAF13,-2.88485578562333
ENSG00000076513,gene,0.49679109706857,0.032489712560562,0.54524477079571,ANKRD13A,-1.0092887754556
ENSG00000162627,gene,0.24783337163476,0.0326431081202201,0.54524477079571,SNX7,-2.01255763036939
ENSG00000131037,gene,0.00297935938358243,0.0326474403171653,0.54524477079571,EPS8L1,-8.39078212628439
ENSG00000068878,gene,0.781458773876255,0.0326516316294774,0.54524477079571,PSME4,-0.355758329523091
ENSG00000172269,gene,0.115782775304325,0.0326860078302588,0.54524477079571,DPAGT1,-3.11050745150298
ENSG00000130254,gene,2.12462908403105,0.0327719773318982,0.54524477079571,SAFB2,1.08721099873902
ENSG00000107937,gene,0.843335723158954,0.0328350476351241,0.54524477079571,GTPBP4,-0.245821027519334
ENSG00000101040,gene,0.0215656392970553,0.0328416577125047,0.54524477079571,ZMYND8,-5.53512170546579
ENSG00000206503,gene,0.441637400062992,0.0330317849542801,0.546031622787672,HLA-A,-1.17906574296903
ENSG00000136628,gene,0.44039864648001,0.0330337476543703,0.546031622787672,EPRS1,-1.18311805995324
ENSG00000198898,gene,0.0809494034337767,0.0331110598232139,0.546031622787672,CAPZA2,-3.62683574131981
ENSG00000136938,gene,0.500156281989037,0.0331335803348543,0.546031622787672,ANP32B,-0.999549135957131
ENSG00000261740,gene,0.120194286295028,0.0332580861874048,0.546331302081171,BOLA2-SMG1P6,-3.05655977895269
ENSG00000165238,gene,2.04791261798263,0.0333157099186749,0.546331302081171,WNK2,1.03415415855441
ENSG00000125629,gene,0.316663645958887,0.0333986827291071,0.546331302081171,INSIG2,-1.65897684420994
ENSG00000209082,gene,7.92524888027748,0.0333991425381082,0.546331302081171,MT-TL1,2.98645624158696
ENSG00000130511,gene,1.79788183360057,0.0334575931749217,0.546331302081171,SSBP4,0.846298202342517
ENSG00000147383,gene,0.632891816465652,0.0336275017230563,0.548103732464122,NSDHL,-0.6599691816274
ENSG00000109321,gene,0.64591496539801,0.033709909937128,0.548446112128282,AREG,-0.630583848038713
ENSG00000172336,gene,1.4752851874048,0.0338975258528837,0.549896218731663,POP7,0.560993868836834
ENSG00000105197,gene,0.41225572395916,0.0339221693373428,0.549896218731663,TIMM50,-1.2783885700053
ENSG00000134970,gene,0.466669108937603,0.0340013261791094,0.550180879405445,TMED7,-1.09952812331603
ENSG00000100300,gene,0.568807347251378,0.0342689282789419,0.550354422140004,TSPO,-0.813987994601856
ENSG00000176731,gene,0.119651917254337,0.0344321230469402,0.550354422140004,RBIS,-3.06308458065897
ENSG00000105755,gene,0.313979353783477,0.0344632411873594,0.550354422140004,ETHE1,-1.6712583993803
ENSG00000147471,gene,0.697498954325299,0.0344831677846913,0.550354422140004,PLPBP,-0.519737040799782
ENSG00000149328,gene,0.72527918617904,0.034517751360932,0.550354422140004,GLB1L2,-0.463391647368554
ENSG00000169567,gene,0.151374611149533,0.0346413191857322,0.550354422140004,HINT1,-2.72380484095197
ENSG00000134419,gene,0.334445828886116,0.0347036671158144,0.550354422140004,RPS15A,-1.58015554239521
ENSG00000182118,gene,0.380264520389768,0.0347499091907398,0.550354422140004,FAM89A,-1.39492475661715
ENSG00000123213,gene,0.432610078041889,0.0348159887038785,0.550354422140004,NLN,-1.20886082031401
ENSG00000161036,gene,2.54021569982406,0.0348560872761443,0.550354422140004,LRWD1,1.34495100717617
ENSG00000104408,gene,0.30617168160024,0.0348886981505638,0.550354422140004,EIF3E,-1.70758724348079
ENSG00000198901,gene,0.729590984615408,0.0349790504968538,0.550354422140004,PRC1,-0.454840192318646
ENSG00000273749,gene,0.812405969743439,0.0350442520234944,0.550354422140004,CYFIP1,-0.299727253963769
ENSG00000240409,gene,237.725699412826,0.0351346237698021,0.550354422140004,MTATP8P1,7.89315406449507
ENSG00000100519,gene,0.324747342456985,0.035181155543933,0.550354422140004,PSMC6,-1.62261037534143
ENSG00000048052,gene,0.00116147884437217,0.0352406963403936,0.550354422140004,HDAC9,-9.74982140808516
ENSG00000150938,gene,1.23410571930707,0.0352412726612221,0.550354422140004,CRIM1,0.303465987831764
ENSG00000123975,gene,0.186934671284802,0.0353312522413607,0.550354422140004,CKS2,-2.41939392039136
ENSG00000109205,gene,1.56450879594174,0.0353429185157011,0.550354422140004,ODAM,0.645709769685166
ENSG00000089234,gene,0.286630056857752,0.0353699935628532,0.550354422140004,BRAP,-1.80273819217507
ENSG00000210156,gene,41.5874998438678,0.0353702854804936,0.550354422140004,MT-TK,5.37807805057918
ENSG00000181026,gene,1.88943963913188,0.0353894084050647,0.550354422140004,AEN,0.917958430364974
ENSG00000234743,gene,0.272579351973161,0.0354292199653495,0.550354422140004,EIF5AP4,-1.87525181350049
ENSG00000122729,gene,0.499040921263284,0.0356333203597401,0.551234414381122,ACO1,-1.00276997374761
ENSG00000123395,gene,0.302913367771451,0.035805624823008,0.551234414381122,ATG101,-1.72302284824292
ENSG00000196591,gene,0.359873415731177,0.0359087728572403,0.551234414381122,HDAC2,-1.47443856225337
ENSG00000114062,gene,8.18333582853589,0.0360779807498877,0.551234414381122,UBE3A,3.0326890586022
ENSG00000196419,gene,0.466069489402874,0.0360787104980687,0.551234414381122,XRCC6,-1.1013830229629
ENSG00000184860,gene,17.0024549486765,0.0360891966527317,0.551234414381122,SDR42E1,4.08767116399014
ENSG00000198815,gene,6.69845758816783,0.0361816239793489,0.551234414381122,FOXJ3,2.74382893346944
ENSG00000119403,gene,1.3264750732157,0.0363226665894729,0.551234414381122,PHF19,0.407597565060777
ENSG00000170608,gene,0.39149829153573,0.0363762436723924,0.551234414381122,FOXA3,-1.35292208315216
ENSG00000177879,gene,0.319449729243194,0.0364129690550088,0.551234414381122,AP3S1,-1.64633917804306
ENSG00000058063,gene,0.11181555118237,0.0364513871278469,0.551234414381122,ATP11B,-3.1608072443319
ENSG00000105245,gene,0.512905170545432,0.0364782604223968,0.551234414381122,NUMBL,-0.963235979835236
ENSG00000071537,gene,0.652922761063089,0.0365110024190859,0.551234414381122,SEL1L,-0.615015759810979
ENSG00000102471,gene,0.00879791694227158,0.036513000269791,0.551234414381122,NDFIP2,-6.82862230327521
ENSG00000141349,gene,1.56769309425753,0.0365950395251944,0.551234414381122,G6PC3,0.648643152099602
ENSG00000144381,gene,0.462170758003334,0.0366268826826022,0.551234414381122,HSPD1,-1.11350211292293
ENSG00000255302,gene,0.655610283744059,0.0366369041292689,0.551234414381122,EID1,-0.609089610507654
ENSG00000163362,gene,1.82222322633049,0.0366424855547701,0.551234414381122,INAVA,0.865699703263686
ENSG00000138449,gene,2.14545931775,0.0366584462765771,0.551234414381122,SLC40A1,1.1012865449284
ENSG00000104731,gene,0.0558730688200869,0.0367319649826973,0.551411615504961,KLHDC4,-4.16170312749366
ENSG00000166908,gene,28.4292624624908,0.0368599204288311,0.552404042399865,PIP4K2C,4.82930476669531
ENSG00000242125,gene,4.75912627063331,0.0370396892289306,0.554168348731673,SNHG3,2.25069673304427
ENSG00000134463,gene,0.077379494173945,0.0371693572946902,0.555029113414094,ECHDC3,-3.6919048917913
ENSG00000101000,gene,0.285650597819988,0.0373005969368376,0.555029113414094,PROCR,-1.80767654563755
ENSG00000162496,gene,0.438038188601142,0.0373146662452944,0.555029113414094,DHRS3,-1.19087144400196
ENSG00000275896,gene,2.17384196211909,0.0373898698799195,0.555029113414094,PRSS2,1.12024706053328
ENSG00000100304,gene,3.2566575108399,0.0374079183022038,0.555029113414094,TTLL12,1.70339200545886
ENSG00000063244,gene,1.36199868387973,0.0375461539623452,0.555379389397653,U2AF2,0.445725309252259
ENSG00000013441,gene,53.1668609949786,0.0375558834747182,0.555379389397653,CLK1,5.73245538619693
ENSG00000147439,gene,45.0091321299561,0.0376489302894154,0.555835116272824,BIN3,5.49214584170637
ENSG00000104524,gene,2.72413856707239,0.0377464776385248,0.556355673708421,PYCR3,1.4458000898932
ENSG00000111640,gene,0.744465595675894,0.0379181312710098,0.557964989312455,GAPDH,-0.425722916455617
ENSG00000103356,gene,2.88816584256276,0.0381744621643103,0.558962475798277,EARS2,1.53015358619094
ENSG00000149658,gene,1.51208584289132,0.0381892609706607,0.558962475798277,YTHDF1,0.596540045377852
ENSG00000115289,gene,0.0240861937559046,0.038206620209394,0.558962475798277,PCGF1,-5.37564976146766
ENSG00000159658,gene,0.664497773142163,0.0382362374286551,0.558962475798277,EFCAB14,-0.589663730122018
ENSG00000171792,gene,0.325653108402497,0.0383497633331007,0.559706023024927,RHNO1,-1.61859209743021
ENSG00000101439,gene,0.460750887826097,0.0385334683570255,0.560935299200518,CST3,-1.1179411490833
ENSG00000197956,gene,0.334077481467988,0.0387261847171896,0.560935299200518,S100A6,-1.58174535396648
ENSG00000111011,gene,9.01850355658287,0.0387382958422986,0.560935299200518,RSRC2,3.17288806645167
ENSG00000128311,gene,0.361599675170659,0.0387390288355765,0.560935299200518,TST,-1.467534713124
ENSG00000284184,gene,3976.4954001796,0.0387970457551206,0.560935299200518,MIR6506,11.9572817867485
ENSG00000197045,gene,0.375021755978423,0.0388107943244425,0.560935299200518,GMFB,-1.41495380239421
ENSG00000072849,gene,0.00650720981035964,0.038954923839568,0.561911777027763,DERL2,-7.26374521372074
ENSG00000122642,gene,17.2566227400262,0.039005650064632,0.561911777027763,FKBP9,4.10907823999724
ENSG00000204652,gene,0.149575511412235,0.0390670861547515,0.561911777027763,RPS26P8,-2.74105409918091
ENSG00000113387,gene,0.804853343026652,0.0393109153814062,0.562678271352837,SUB1,-0.313202169503231
ENSG00000038210,gene,0.810865251253231,0.0393380911322256,0.562678271352837,PI4K2B,-0.302465906092832
ENSG00000137100,gene,0.256056983831508,0.0393530158676217,0.562678271352837,DCTN3,-1.96546318644817
ENSG00000141682,gene,0.168400050997218,0.0394200135672791,0.562678271352837,PMAIP1,-2.57003551958625
ENSG00000196187,gene,1.44278990349871,0.0394353557844689,0.562678271352837,TMEM63A,0.528861232435994
ENSG00000104131,gene,0.339421342115501,0.0395340224853142,0.563186425580266,EIF3J,-1.55885081345946
ENSG00000153066,gene,1.51586476031607,0.0396767042674859,0.56322227318717,TXNDC11,0.600141047490178
ENSG00000262049,gene,2.30019220564007,0.0397135616131208,0.56322227318717,AC139530.1,1.20175441879486
ENSG00000181019,gene,0.703220424525053,0.039815457103175,0.56322227318717,NQO1,-0.507951121770824
ENSG00000107951,gene,0.530444400773327,0.0398318433798288,0.56322227318717,MTPAP,-0.914726553798695
ENSG00000210195,gene,8.29851463597087,0.039851822285523,0.56322227318717,MT-TT,3.05285312934026
ENSG00000175895,gene,0.504925453712191,0.039990944865866,0.564295607491177,PLEKHF2,-0.985857688207904
ENSG00000003756,gene,0.0602853570167827,0.0403368853826511,0.567084716591454,RBM5,-4.05204856782649
ENSG00000100926,gene,0.0251068653600131,0.0403975014208269,0.567084716591454,TM9SF1,-5.31577427314711
ENSG00000172803,gene,0.573129741077846,0.040425068496049,0.567084716591454,SNX32,-0.803066331782802
ENSG00000186187,gene,88.9098465265216,0.0404780308143884,0.567084716591454,ZNRF1,6.47427129738832
ENSG00000145919,gene,18.5113791253288,0.040538754368337,0.567084716591454,BOD1,4.21034047703018
ENSG00000168000,gene,0.370042660724745,0.0405695402935444,0.567084716591454,BSCL2,-1.43423649206963
ENSG00000130348,gene,0.297269524878075,0.0408866778117776,0.568804805544837,QRSL1,-1.75015652454741
ENSG00000160949,gene,1.90828333095238,0.0409339675402061,0.568804805544837,TONSL,0.932275390323111
ENSG00000008517,gene,0.193856172570925,0.041177632623397,0.568804805544837,IL32,-2.36694142223991
ENSG00000009844,gene,0.203394981092331,0.0412523955742248,0.568804805544837,VTA1,-2.29764401472115
ENSG00000164163,gene,1.43435568188808,0.0414047319352484,0.568804805544837,ABCE1,0.520402818229668
ENSG00000272540,gene,0.491394543080515,0.0414077720202153,0.568804805544837,AL662797.2,-1.02504625817709
ENSG00000158470,gene,1.32559051640596,0.041437381804229,0.568804805544837,B4GALT5,0.406635186320886
ENSG00000165410,gene,0.0184737506272019,0.041525043307249,0.568804805544837,CFL2,-5.7583793910265
ENSG00000266341,gene,2.01759887429186,0.0415470654051967,0.568804805544837,AC004477.2,1.01263937583527
ENSG00000123136,gene,0.591830985591668,0.041567564694319,0.568804805544837,DDX39A,-0.756742863395742
ENSG00000183793,gene,4.78123777190171,0.0415693134297176,0.568804805544837,NPIPA5,2.25738415297985
ENSG00000101191,gene,1.81328994077598,0.0415812447790351,0.568804805544837,DIDO1,0.858609627054266
ENSG00000120437,gene,0.572874894207189,0.0416549967456574,0.568804805544837,ACAT2,-0.803707980710255
ENSG00000256269,gene,3.46781777507363,0.0417442119804896,0.568804805544837,HMBS,1.79402809062875
ENSG00000169738,gene,0.71193430621798,0.0418440357466838,0.568804805544837,DCXR,-0.490183972327905
ENSG00000163479,gene,0.584780045972954,0.0418628681917075,0.568804805544837,SSR2,-0.774034010797779
ENSG00000154556,gene,0.00629167635620846,0.0418721729748639,0.568804805544837,SORBS2,-7.3123398242235
ENSG00000153310,gene,0.332519799801512,0.0418986884345842,0.568804805544837,FAM49B,-1.58848784682997
ENSG00000144659,gene,0.288817182214836,0.0419162448487851,0.568804805544837,SLC25A38,-1.79177152178014
ENSG00000107863,gene,1.44986704914174,0.0419662300553121,0.568804805544837,ARHGAP21,0.53592061311064
ENSG00000134504,gene,5.75818104807139,0.0420556465174045,0.569153082868874,KCTD1,2.52561315066732
ENSG00000168288,gene,0.142628720130532,0.0422110516345356,0.570392001814936,MMADHC,-2.80966357861792
ENSG00000167291,gene,0.220344025312472,0.0423971061060981,0.570636723570905,TBC1D16,-2.18217031680584
ENSG00000263020,gene,0.0275570420809582,0.0425207223573656,0.570636723570905,AL662899.4,-5.18143514948835
ENSG00000108106,gene,0.69581811962913,0.0425913767906662,0.570636723570905,UBE2S,-0.523217846572389
ENSG00000146701,gene,0.800014200750196,0.0426166083450024,0.570636723570905,MDH2,-0.321902485924797
ENSG00000127837,gene,0.604117780674922,0.0427419122593903,0.570636723570905,AAMP,-0.727098245617926
ENSG00000152952,gene,0.70763138231647,0.0427463867284494,0.570636723570905,PLOD2,-0.498930064229837
ENSG00000147403,gene,1.4518681916581,0.0427733155964534,0.570636723570905,RPL10,0.537910483724313
ENSG00000171843,gene,0.368238850539986,0.0428070330565128,0.570636723570905,MLLT3,-1.44128625058804
ENSG00000009830,gene,45.335700587002,0.0428083422240775,0.570636723570905,POMT2,5.5025756744107
ENSG00000088256,gene,1.27970414867749,0.0430033420237579,0.570636723570905,GNA11,0.355810316029908
ENSG00000137269,gene,0.395771294840937,0.0430077040579802,0.570636723570905,LRRC1,-1.33726111689411
ENSG00000042753,gene,0.487674251619622,0.0430430331983677,0.570636723570905,AP2S1,-1.0360102923748
ENSG00000132423,gene,0.193579678262365,0.0431751209585212,0.570636723570905,COQ3,-2.36900058653591
ENSG00000106153,gene,0.52458414730186,0.0432796810384937,0.570636723570905,CHCHD2,-0.930753884224148
ENSG00000143514,gene,16.073825752929,0.0433754871196387,0.570636723570905,TP53BP2,4.00664144256166
ENSG00000184007,gene,0.573119311635623,0.0433789027244843,0.570636723570905,PTP4A2,-0.803092585247593
ENSG00000218537,gene,0.572409787684816,0.0433794222503715,0.570636723570905,MIF-AS1,-0.80487975384371
ENSG00000158623,gene,0.34618796387757,0.0433942712882365,0.570636723570905,COPG2,-1.53037252834572
ENSG00000070495,gene,0.62737759677162,0.0434538993062292,0.570636723570905,JMJD6,-0.672594082447253
ENSG00000160563,gene,0.386444948352727,0.0436204283777919,0.570636723570905,MED27,-1.37166518758173
ENSG00000076554,gene,0.399104782693969,0.0436386747730639,0.570636723570905,TPD52,-1.32516052731974
ENSG00000132911,gene,1.70196401132502,0.0437905981578601,0.570636723570905,NMUR2,0.767200531012209
ENSG00000165389,gene,0.5701338341757,0.0439387265766524,0.570636723570905,SPTSSA,-0.810627475193098
ENSG00000100462,gene,1.33959332818334,0.0439702510783448,0.570636723570905,PRMT5,0.421795095862564
ENSG00000259529,gene,0.303939020660711,0.0439950664767804,0.570636723570905,AL136295.5,-1.71814619034672
ENSG00000101132,gene,0.237620783278588,0.0439991159918599,0.570636723570905,PFDN4,-2.0732670692636
ENSG00000134363,gene,0.0699010680966608,0.044005824987433,0.570636723570905,FST,-3.83854168945323
ENSG00000143653,gene,0.428403191101382,0.0440378844844616,0.570636723570905,SCCPDH,-1.22295886837297
ENSG00000264558,gene,0.323637590527516,0.0442502288495525,0.570636723570905,AC015674.1,-1.62754890826285
ENSG00000198522,gene,2.6961282737585,0.0443068029256517,0.570636723570905,GPN1,1.43088913728865
ENSG00000156853,gene,1.93554385850791,0.0443484389194808,0.570636723570905,ZNF689,0.952738998787537
ENSG00000006715,gene,0.493357130096269,0.0443872330798277,0.570636723570905,VPS41,-1.01929573572392
ENSG00000231304,gene,0.1477261211241,0.0445111296693779,0.570636723570905,SGO1-AS1,-2.75900314702253
ENSG00000162377,gene,0.651178796249437,0.0445349458197986,0.570636723570905,COA7,-0.618874371701855
ENSG00000182871,gene,1.88252674349513,0.0445568388517621,0.570636723570905,COL18A1,0.912670360213932
ENSG00000141179,gene,0.000400457389672802,0.0445926570212156,0.570636723570905,PCTP,-11.2860636374851
ENSG00000100804,gene,0.409274521927168,0.0446015907836284,0.570636723570905,PSMB5,-1.28885923566414
ENSG00000165171,gene,0.423228272569264,0.044894685412703,0.570636723570905,METTL27,-1.24049208904919
ENSG00000203778,gene,0.234509051916765,0.044909607282773,0.570636723570905,FAM229B,-2.09228448385935
ENSG00000110955,gene,0.0742758465421864,0.0449867414414389,0.570636723570905,ATP5F1B,-3.75096304682942
ENSG00000143379,gene,2.10734258444646,0.044995852095786,0.570636723570905,SETDB1,1.07542486788367
ENSG00000188735,gene,0.0903128827885083,0.0450140977337237,0.570636723570905,TMEM120B,-3.46892439244041
ENSG00000142798,gene,2.2636232869319,0.0450472307864003,0.570636723570905,HSPG2,1.17863388427583
ENSG00000210144,gene,4.31043413976413,0.0451504792511124,0.570636723570905,MT-TY,2.10783318247961
ENSG00000131475,gene,0.670054882949744,0.0451624597284932,0.570636723570905,VPS25,-0.577648826008565
ENSG00000126934,gene,0.837389305711864,0.0451922945413122,0.570636723570905,MAP2K2,-0.256029601331453
ENSG00000006453,gene,0.722969668586084,0.0453278692424671,0.570636723570905,BAIAP2L1,-0.467992973158213
ENSG00000100221,gene,0.712070702607308,0.0453958913648433,0.570636723570905,JOSD1,-0.489907599149636
ENSG00000170515,gene,0.737286104862399,0.0454238351156888,0.570636723570905,PA2G4,-0.439703527168972
ENSG00000100241,gene,1.63676281409166,0.0454304841756965,0.570636723570905,SBF1,0.710845273720463
ENSG00000258800,gene,0.144202516941232,0.0454873877275509,0.570636723570905,AL136038.4,-2.79383174898447
ENSG00000108679,gene,1.29126273522519,0.0455650599480653,0.570809418592032,LGALS3BP,0.368782577903988
ENSG00000001561,gene,0.400878240517277,0.0459362370545371,0.57224791083603,ENPP4,-1.31876398408309
ENSG00000076650,gene,2.08344411260154,0.0460120657192951,0.57224791083603,GPATCH1,1.05897040095047
ENSG00000233966,gene,0.377320028679389,0.046049470751977,0.57224791083603,UBE2SP1,-1.40613941241886
ENSG00000167700,gene,0.673910263128175,0.0461875585728807,0.57224791083603,MFSD3,-0.569371597781606
ENSG00000157881,gene,13.147401438064,0.046227926533736,0.57224791083603,PANK4,3.71670577631526
ENSG00000115568,gene,1.73355151567073,0.0462809370743571,0.57224791083603,ZNF142,0.793730709513566
ENSG00000130734,gene,0.386640455119464,0.0463414996176907,0.57224791083603,ATG4D,-1.37093549679316
ENSG00000143933,gene,0.544274842530612,0.0463614255167459,0.57224791083603,CALM2,-0.877592741527127
ENSG00000164347,gene,0.224367575812521,0.0464224556503738,0.57224791083603,GFM2,-2.15606389306884
ENSG00000172115,gene,0.66627155417967,0.0464702522939071,0.57224791083603,CYCS,-0.585817794437495
ENSG00000258366,gene,0.0726124749038142,0.0464741536987334,0.57224791083603,RTEL1,-3.78363876365031
ENSG00000198780,gene,0.00240815841789933,0.0466294707186491,0.57224791083603,FAM169A,-8.69785398342819
ENSG00000262211,gene,3.19739754922959,0.046650691706563,0.57224791083603,AC008914.1,1.67689813312212
ENSG00000268677,gene,6.21907005252772,0.0468668639487145,0.57224791083603,AC011495.3,2.63669886799099
ENSG00000204389,gene,0.700940893623961,0.0468912629778124,0.57224791083603,HSPA1A,-0.51263529982517
ENSG00000050344,gene,0.671569862885288,0.0471841784528394,0.57224791083603,NFE2L3,-0.574390604995823
ENSG00000182541,gene,8.58693061787086,0.0471945625109212,0.57224791083603,LIMK2,3.10214253489055
ENSG00000146409,gene,0.384310857427292,0.0472067325838814,0.57224791083603,SLC18B1,-1.37965435935253
ENSG00000136045,gene,0.579360900631539,0.0472445923033424,0.57224791083603,PWP1,-0.78746577025205
ENSG00000122863,gene,1.57829647217826,0.0472600496138651,0.57224791083603,CHST3,0.658368231185835
ENSG00000125633,gene,1.48806151397897,0.0472977894778642,0.57224791083603,CCDC93,0.573434166283361
ENSG00000117632,gene,0.227870027852121,0.0473038714230642,0.57224791083603,STMN1,-2.13371691803644
ENSG00000079257,gene,0.376976252377769,0.047317524073933,0.57224791083603,LXN,-1.40745445111736
ENSG00000145592,gene,0.262955802852493,0.0473252669017123,0.57224791083603,RPL37,-1.92710776063145
ENSG00000257093,gene,0.591245226975282,0.0473403768250806,0.57224791083603,DENND11,-0.758171463026256
ENSG00000165476,gene,0.556258529375214,0.0474091610749767,0.57224791083603,REEP3,-0.846172542225718
ENSG00000184470,gene,2.53529996316151,0.047622745485046,0.57224791083603,TXNRD2,1.3421564493051
ENSG00000204435,gene,166.102722785932,0.047667772422417,0.57224791083603,CSNK2B,7.37593191218739
ENSG00000128191,gene,4.22269736829952,0.0477447691955544,0.57224791083603,DGCR8,2.07816485597217
ENSG00000100380,gene,0.688705955904262,0.0477535136547662,0.57224791083603,ST13,-0.538039941429022
ENSG00000197312,gene,1.55481318005994,0.0478612847930349,0.57224791083603,DDI2,0.636741242482647
ENSG00000167325,gene,0.553731944752938,0.047909493922653,0.57224791083603,RRM1,-0.85274034165323
ENSG00000120686,gene,0.45711420055765,0.0479140935054382,0.57224791083603,UFM1,-1.12937345696516
ENSG00000136444,gene,0.268925625269936,0.0479174369338458,0.57224791083603,RSAD1,-1.89472086221865
ENSG00000213281,gene,0.456842641608334,0.0479222388384852,0.57224791083603,NRAS,-1.13023077701123
ENSG00000107262,gene,5.27882992519572,0.0481525481140397,0.574230386855277,BAG1,2.40021818560898
ENSG00000084652,gene,1.43504445032041,0.0484826186478595,0.577395666350242,TXLNA,0.521095424889554
ENSG00000112695,gene,0.19150328349586,0.0486555330985414,0.578683384335782,COX7A2,-2.38455896622233
ENSG00000147027,gene,0.32924049248202,0.0490316558600467,0.580491411079846,TMEM47,-1.60278631468525
ENSG00000267755,gene,2.12096447274315,0.0490389828239113,0.580491411079846,AC005329.2,1.08472045517938
ENSG00000117450,gene,0.436864747645473,0.0491008779209375,0.580491411079846,PRDX1,-1.19474140121094
ENSG00000079482,gene,1.79601356033306,0.0491160570234364,0.580491411079846,OPHN1,0.844798242813696
ENSG00000138073,gene,6.12836523990484,0.0491531441846365,0.580491411079846,PREB,2.61550228193929
ENSG00000131470,gene,3.18067676644489,0.0492462277978187,0.580491411079846,PSMC3IP,1.66933376667741
ENSG00000138442,gene,0.672760064544667,0.0492624820419305,0.580491411079846,WDR12,-0.571836026026399
ENSG00000198130,gene,0.335127821355502,0.0493426537777689,0.580670070544179,HIBCH,-1.57721663494746
ENSG00000244270,gene,0.183953560136497,0.0494830193958444,0.580892377264938,RPL32P29,-2.44258649717627
ENSG00000170852,gene,0.548967150189121,0.0494916143191466,0.580892377264938,KBTBD2,-0.865208272937727
ENSG00000108773,gene,1.97240319223899,0.0495990900705083,0.581007125121136,KAT2A,0.979954492885572
ENSG00000233098,gene,0.596333681833047,0.049669467766442,0.581007125121136,CCDC144NL-AS1,-0.745808270214518
ENSG00000183778,gene,0.00390697748887155,0.0496965342132275,0.581007125121136,B3GALT5,-7.99973134160197
ENSG00000154845,gene,0.219316379868974,0.0498171764943753,0.581656235879425,PPP4R1,-2.18891452969182
ENSG00000008018,gene,0.318688086237965,0.0498948178537638,0.581802236383575,PSMB1,-1.64978300814272
